,Country name,Score,year,Unnamed: 0
0,Finland,7.842,2021,
1,Denmark,7.62,2021,
2,Switzerland,7.571,2021,
3,Iceland,7.554,2021,
4,Netherlands,7.464,2021,
5,Norway,7.392,2021,
6,Sweden,7.363,2021,
7,Luxembourg,7.324,2021,
8,New Zealand,7.277,2021,
9,Austria,7.268,2021,
10,Australia,7.183,2021,
11,Israel,7.157,2021,
12,Germany,7.155,2021,
13,Canada,7.103,2021,
14,Ireland,7.085,2021,
15,Costa Rica,7.069,2021,
16,United Kingdom,7.064,2021,
17,Czech Republic,6.965,2021,
18,United States,6.951,2021,
19,Belgium,6.834,2021,
20,France,6.69,2021,
21,Bahrain,6.647,2021,
22,Malta,6.602,2021,
23,Taiwan Province of China,6.584,2021,
24,United Arab Emirates,6.561,2021,
25,Saudi Arabia,6.494,2021,
26,Spain,6.491,2021,
27,Italy,6.483,2021,
28,Slovenia,6.461,2021,
29,Guatemala,6.435,2021,
30,Uruguay,6.431,2021,
31,Singapore,6.377,2021,
32,Kosovo,6.372,2021,
33,Slovakia,6.331,2021,
34,Brazil,6.33,2021,
35,Mexico,6.317,2021,
36,Jamaica,6.309,2021,
37,Lithuania,6.255,2021,
38,Cyprus,6.223,2021,
39,Estonia,6.189,2021,
40,Panama,6.18,2021,
41,Uzbekistan,6.179,2021,
42,Chile,6.172,2021,
43,Poland,6.166,2021,
44,Kazakhstan,6.152,2021,
45,Romania,6.14,2021,
46,Kuwait,6.106,2021,
47,Serbia,6.078,2021,
48,El Salvador,6.061,2021,
49,Mauritius,6.049,2021,
50,Latvia,6.032,2021,
51,Colombia,6.012,2021,
52,Hungary,5.992,2021,
53,Thailand,5.985,2021,
54,Nicaragua,5.972,2021,
55,Japan,5.94,2021,
56,Argentina,5.929,2021,
57,Portugal,5.929,2021,
58,Honduras,5.919,2021,
59,Croatia,5.882,2021,
60,Philippines,5.88,2021,
61,South Korea,5.845,2021,
62,Peru,5.84,2021,
63,Bosnia and Herzegovina,5.813,2021,
64,Moldova,5.766,2021,
65,Ecuador,5.764,2021,
66,Kyrgyzstan,5.744,2021,
67,Greece,5.723,2021,
68,Bolivia,5.716,2021,
69,Mongolia,5.677,2021,
70,Paraguay,5.653,2021,
71,Montenegro,5.581,2021,
72,Dominican Republic,5.545,2021,
73,North Cyprus,5.536,2021,
74,Belarus,5.534,2021,
75,Russia,5.477,2021,
76,Hong Kong S.A.R. of China,5.477,2021,
77,Tajikistan,5.466,2021,
78,Vietnam,5.411,2021,
79,Libya,5.41,2021,
80,Malaysia,5.384,2021,
81,Indonesia,5.345,2021,
82,Congo (Brazzaville),5.342,2021,
83,China,5.339,2021,
84,Ivory Coast,5.306,2021,
85,Armenia,5.283,2021,
86,Nepal,5.269,2021,
87,Bulgaria,5.266,2021,
88,Maldives,5.198,2021,
89,Azerbaijan,5.171,2021,
90,Cameroon,5.142,2021,
91,Senegal,5.132,2021,
92,Albania,5.117,2021,
93,North Macedonia,5.101,2021,
94,Ghana,5.088,2021,
95,Niger,5.074,2021,
96,Turkmenistan,5.066,2021,
97,Gambia,5.051,2021,
98,Benin,5.045,2021,
99,Laos,5.03,2021,
100,Bangladesh,5.025,2021,
101,Guinea,4.984,2021,
102,South Africa,4.956,2021,
103,Turkey,4.948,2021,
104,Pakistan,4.934,2021,
105,Morocco,4.918,2021,
106,Venezuela,4.892,2021,
107,Georgia,4.891,2021,
108,Algeria,4.887,2021,
109,Ukraine,4.875,2021,
110,Iraq,4.854,2021,
111,Gabon,4.852,2021,
112,Burkina Faso,4.834,2021,
113,Cambodia,4.83,2021,
114,Mozambique,4.794,2021,
115,Nigeria,4.759,2021,
116,Mali,4.723,2021,
117,Iran,4.721,2021,
118,Uganda,4.636,2021,
119,Liberia,4.625,2021,
120,Kenya,4.607,2021,
121,Tunisia,4.596,2021,
122,Lebanon,4.584,2021,
123,Namibia,4.574,2021,
124,Palestinian Territories,4.517,2021,
125,Myanmar,4.426,2021,
126,Jordan,4.395,2021,
127,Chad,4.355,2021,
128,Sri Lanka,4.325,2021,
129,Swaziland,4.308,2021,
130,Comoros,4.289,2021,
131,Egypt,4.283,2021,
132,Ethiopia,4.275,2021,
133,Mauritania,4.227,2021,
134,Madagascar,4.208,2021,
135,Togo,4.107,2021,
136,Zambia,4.073,2021,
137,Sierra Leone,3.849,2021,
138,India,3.819,2021,
139,Burundi,3.775,2021,
140,Yemen,3.658,2021,
141,Tanzania,3.623,2021,
142,Haiti,3.615,2021,
143,Malawi,3.6,2021,
144,Lesotho,3.512,2021,
145,Botswana,3.467,2021,
146,Rwanda,3.415,2021,
147,Zimbabwe,3.145,2021,
148,Afghanistan,2.523,2021,
0,Finland,7.808700085,2020,0.0
1,Denmark,7.645599842,2020,1.0
2,Switzerland,7.559899807000001,2020,2.0
3,Iceland,7.504499912000001,2020,3.0
4,Norway,7.487999916000001,2020,4.0
5,Netherlands,7.448900223,2020,5.0
6,Sweden,7.353499889,2020,6.0
7,New Zealand,7.299600123999999,2020,7.0
8,Austria,7.294199944,2020,8.0
9,Luxembourg,7.237500191,2020,9.0
10,Canada,7.23210001,2020,10.0
11,Australia,7.222799778,2020,11.0
12,United Kingdom,7.164500237,2020,12.0
13,Israel,7.128600121,2020,13.0
14,Costa Rica,7.121399879,2020,14.0
15,Ireland,7.093699932000001,2020,15.0
16,Germany,7.075799942000001,2020,16.0
17,United States,6.939599991000001,2020,17.0
18,Czech Republic,6.9109001160000005,2020,18.0
19,Belgium,6.863500117999999,2020,19.0
20,United Arab Emirates,6.790800095,2020,20.0
21,Malta,6.772799968999999,2020,21.0
22,France,6.663799762999999,2020,22.0
23,Mexico,6.465000152999999,2020,23.0
24,Taiwan Province of China,6.45539999,2020,24.0
25,Uruguay,6.440100192999999,2020,25.0
26,Saudi Arabia,6.406499863,2020,26.0
27,Spain,6.4008998870000005,2020,27.0
28,Guatemala,6.398900032,2020,28.0
29,Italy,6.38740015,2020,29.0
30,Singapore,6.377099991000001,2020,30.0
31,Brazil,6.375599861,2020,31.0
32,Slovenia,6.363399982000001,2020,32.0
33,El Salvador,6.34829998,2020,33.0
34,Kosovo,6.325200081,2020,34.0
35,Panama,6.304800033999999,2020,35.0
36,Slovakia,6.280600071,2020,36.0
37,Uzbekistan,6.257599831,2020,37.0
38,Chile,6.228499889,2020,38.0
39,Bahrain,6.227300167,2020,39.0
40,Lithuania,6.215499877999999,2020,40.0
41,Trinidad and Tobago,6.1918997760000005,2020,41.0
42,Poland,6.1862998010000005,2020,42.0
43,Colombia,6.163400172999999,2020,43.0
44,Cyprus,6.15899992,2020,44.0
45,Nicaragua,6.13710022,2020,45.0
46,Romania,6.123700142000001,2020,46.0
47,Kuwait,6.102099895,2020,47.0
48,Mauritius,6.101299762999999,2020,48.0
49,Kazakhstan,6.0578999520000005,2020,49.0
50,Estonia,6.0218000410000005,2020,50.0
51,Philippines,6.006000042,2020,51.0
52,Hungary,6.000400066,2020,52.0
53,Thailand,5.9987998010000005,2020,53.0
54,Argentina,5.974699974,2020,54.0
55,Honduras,5.953199862999999,2020,55.0
56,Latvia,5.949999809,2020,56.0
57,Ecuador,5.925199986,2020,57.0
58,Portugal,5.9109001160000005,2020,58.0
59,Jamaica,5.889800072000001,2020,59.0
60,South Korea,5.872399807000001,2020,60.0
61,Japan,5.870800018,2020,61.0
62,Peru,5.796800137000001,2020,62.0
63,Serbia,5.77820015,2020,63.0
64,Bolivia,5.747499942999999,2020,64.0
65,Pakistan,5.69329977,2020,65.0
66,Paraguay,5.692100048,2020,66.0
67,Dominican Republic,5.689199924,2020,67.0
68,Bosnia and Herzegovina,5.674099922000001,2020,68.0
69,Moldova,5.607500076,2020,69.0
70,Tajikistan,5.555699825,2020,70.0
71,Montenegro,5.54610014,2020,71.0
72,Russia,5.546000004,2020,72.0
73,Kyrgyzstan,5.541500092000001,2020,73.0
74,Belarus,5.539899826,2020,74.0
75,North Cyprus,5.53550005,2020,75.0
76,Greece,5.514999866,2020,76.0
77,Hong Kong S.A.R. of China,5.510399818,2020,77.0
78,Croatia,5.504700184,2020,78.0
79,Libya,5.488800049,2020,79.0
80,Mongolia,5.456200123,2020,80.0
81,Malaysia,5.384300232,2020,81.0
82,Vietnam,5.353499889,2020,82.0
83,Indonesia,5.285600185,2020,83.0
84,Ivory Coast,5.233300208999999,2020,84.0
85,Benin,5.21600008,2020,85.0
86,Maldives,5.197599888,2020,86.0
87,Congo (Brazzaville),5.194399834,2020,87.0
88,Azerbaijan,5.164800167,2020,88.0
89,Macedonia,5.1598000530000006,2020,89.0
90,Ghana,5.1479997630000005,2020,90.0
91,Nepal,5.137199879,2020,91.0
92,Turkey,5.131800175,2020,92.0
93,China,5.123899937,2020,93.0
94,Turkmenistan,5.119100093999999,2020,94.0
95,Bulgaria,5.101500034,2020,95.0
96,Morocco,5.094799995,2020,96.0
97,Cameroon,5.084899902,2020,97.0
98,Venezuela,5.053199768,2020,98.0
99,Algeria,5.005099773,2020,99.0
100,Senegal,4.980800152,2020,100.0
101,Guinea,4.949299812,2020,101.0
102,Niger,4.909599781,2020,102.0
103,Laos,4.888599873,2020,103.0
104,Albania,4.882699966000001,2020,104.0
105,Cambodia,4.8484001160000005,2020,105.0
106,Bangladesh,4.832799911,2020,106.0
107,Gabon,4.829299927,2020,107.0
108,South Africa,4.814099789,2020,108.0
109,Iraq,4.7848000530000006,2020,109.0
110,Lebanon,4.771500111,2020,110.0
111,Burkina Faso,4.768700123,2020,111.0
112,Gambia,4.750599861,2020,112.0
113,Mali,4.729300021999999,2020,113.0
114,Nigeria,4.724100113,2020,114.0
115,Armenia,4.676799774,2020,115.0
116,Georgia,4.672599792,2020,116.0
117,Iran,4.672399998,2020,117.0
118,Jordan,4.6333999630000005,2020,118.0
119,Mozambique,4.623600006,2020,119.0
120,Kenya,4.583000183,2020,120.0
121,Namibia,4.571100235,2020,121.0
122,Ukraine,4.56069994,2020,122.0
123,Liberia,4.557899952,2020,123.0
124,Palestinian Territories,4.552800179,2020,124.0
125,Uganda,4.43200016,2020,125.0
126,Chad,4.422699928,2020,126.0
127,Tunisia,4.392199993,2020,127.0
128,Mauritania,4.374599934,2020,128.0
129,Sri Lanka,4.327000141,2020,129.0
130,Congo (Kinshasa),4.31099987,2020,130.0
131,Swaziland,4.308100224,2020,131.0
132,Myanmar,4.308000088,2020,132.0
133,Comoros,4.288599968,2020,133.0
134,Togo,4.187200069,2020,134.0
135,Ethiopia,4.186200142,2020,135.0
136,Madagascar,4.165599823,2020,136.0
137,Egypt,4.151400089,2020,137.0
138,Sierra Leone,3.926399946,2020,138.0
139,Burundi,3.775300026,2020,139.0
140,Zambia,3.759399891,2020,140.0
141,Haiti,3.720799923,2020,141.0
142,Lesotho,3.652800083,2020,142.0
143,India,3.573299885,2020,143.0
144,Malawi,3.538000107,2020,144.0
145,Yemen,3.527400017,2020,145.0
146,Botswana,3.478899956,2020,146.0
147,Tanzania,3.476200104,2020,147.0
148,Central African Republic,3.475899935,2020,148.0
149,Rwanda,3.312299967,2020,149.0
150,Zimbabwe,3.2992000580000003,2020,150.0
151,South Sudan,2.816600084,2020,151.0
152,Afghanistan,2.566900015,2020,152.0
153,Finland,7.769,2019,0.0
154,Denmark,7.6,2019,1.0
155,Norway,7.553999999999999,2019,2.0
156,Iceland,7.494,2019,3.0
157,Netherlands,7.487999999999999,2019,4.0
158,Switzerland,7.48,2019,5.0
159,Sweden,7.343,2019,6.0
160,New Zealand,7.307,2019,7.0
161,Canada,7.278,2019,8.0
162,Austria,7.246,2019,9.0
163,Australia,7.228,2019,10.0
164,Costa Rica,7.167000000000001,2019,11.0
165,Israel,7.138999999999999,2019,12.0
166,Luxembourg,7.09,2019,13.0
167,United Kingdom,7.053999999999999,2019,14.0
168,Ireland,7.021,2019,15.0
169,Germany,6.985,2019,16.0
170,Belgium,6.922999999999999,2019,17.0
171,United States,6.892,2019,18.0
172,Czech Republic,6.852,2019,19.0
173,United Arab Emirates,6.825,2019,20.0
174,Malta,6.726,2019,21.0
175,Mexico,6.595,2019,22.0
176,France,6.5920000000000005,2019,23.0
177,Taiwan,6.446000000000001,2019,24.0
178,Chile,6.444,2019,25.0
179,Guatemala,6.436,2019,26.0
180,Saudi Arabia,6.375,2019,27.0
181,Qatar,6.374,2019,28.0
182,Spain,6.354,2019,29.0
183,Panama,6.321000000000001,2019,30.0
184,Brazil,6.3,2019,31.0
185,Uruguay,6.292999999999999,2019,32.0
186,Singapore,6.2620000000000005,2019,33.0
187,El Salvador,6.252999999999999,2019,34.0
188,Italy,6.223,2019,35.0
189,Bahrain,6.199,2019,36.0
190,Slovakia,6.198,2019,37.0
191,Trinidad & Tobago,6.192,2019,38.0
192,Poland,6.182,2019,39.0
193,Uzbekistan,6.174,2019,40.0
194,Lithuania,6.149,2019,41.0
195,Colombia,6.125,2019,42.0
196,Slovenia,6.117999999999999,2019,43.0
197,Nicaragua,6.105,2019,44.0
198,Kosovo,6.1,2019,45.0
199,Argentina,6.086,2019,46.0
200,Romania,6.07,2019,47.0
201,Cyprus,6.046,2019,48.0
202,Ecuador,6.028,2019,49.0
203,Kuwait,6.021,2019,50.0
204,Thailand,6.007999999999999,2019,51.0
205,Latvia,5.94,2019,52.0
206,South Korea,5.895,2019,53.0
207,Estonia,5.893,2019,54.0
208,Jamaica,5.89,2019,55.0
209,Mauritius,5.888,2019,56.0
210,Japan,5.886,2019,57.0
211,Honduras,5.86,2019,58.0
212,Kazakhstan,5.809,2019,59.0
213,Bolivia,5.779,2019,60.0
214,Hungary,5.757999999999999,2019,61.0
215,Paraguay,5.742999999999999,2019,62.0
216,Northern Cyprus,5.718,2019,63.0
217,Peru,5.697,2019,64.0
218,Portugal,5.693,2019,65.0
219,Pakistan,5.653,2019,66.0
220,Russia,5.648,2019,67.0
221,Philippines,5.631,2019,68.0
222,Serbia,5.603,2019,69.0
223,Moldova,5.529,2019,70.0
224,Libya,5.525,2019,71.0
225,Montenegro,5.523,2019,72.0
226,Tajikistan,5.4670000000000005,2019,73.0
227,Croatia,5.432,2019,74.0
228,Hong Kong,5.43,2019,75.0
229,Dominican Republic,5.425,2019,76.0
230,Bosnia and Herzegovina,5.386,2019,77.0
231,Turkey,5.372999999999999,2019,78.0
232,Malaysia,5.339,2019,79.0
233,Belarus,5.323,2019,80.0
234,Greece,5.287000000000001,2019,81.0
235,Mongolia,5.285,2019,82.0
236,North Macedonia,5.274,2019,83.0
237,Nigeria,5.265,2019,84.0
238,Kyrgyzstan,5.261,2019,85.0
239,Turkmenistan,5.247000000000001,2019,86.0
240,Algeria,5.211,2019,87.0
241,Morocco,5.207999999999999,2019,88.0
242,Azerbaijan,5.207999999999999,2019,89.0
243,Lebanon,5.197,2019,90.0
244,Indonesia,5.192,2019,91.0
245,China,5.191,2019,92.0
246,Vietnam,5.175,2019,93.0
247,Bhutan,5.082,2019,94.0
248,Cameroon,5.044,2019,95.0
249,Bulgaria,5.011,2019,96.0
250,Ghana,4.996,2019,97.0
251,Ivory Coast,4.944,2019,98.0
252,Nepal,4.913,2019,99.0
253,Jordan,4.906000000000001,2019,100.0
254,Benin,4.883,2019,101.0
255,Congo (Brazzaville),4.812,2019,102.0
256,Gabon,4.799,2019,103.0
257,Laos,4.796,2019,104.0
258,South Africa,4.722,2019,105.0
259,Albania,4.718999999999999,2019,106.0
260,Venezuela,4.707,2019,107.0
261,Cambodia,4.7,2019,108.0
262,Palestinian Territories,4.696000000000001,2019,109.0
263,Senegal,4.681,2019,110.0
264,Somalia,4.668,2019,111.0
265,Namibia,4.638999999999999,2019,112.0
266,Niger,4.628,2019,113.0
267,Burkina Faso,4.587,2019,114.0
268,Armenia,4.559,2019,115.0
269,Iran,4.548,2019,116.0
270,Guinea,4.534,2019,117.0
271,Georgia,4.519,2019,118.0
272,Gambia,4.516,2019,119.0
273,Kenya,4.509,2019,120.0
274,Mauritania,4.49,2019,121.0
275,Mozambique,4.466,2019,122.0
276,Tunisia,4.461,2019,123.0
277,Bangladesh,4.456,2019,124.0
278,Iraq,4.437,2019,125.0
279,Congo (Kinshasa),4.418,2019,126.0
280,Mali,4.39,2019,127.0
281,Sierra Leone,4.374,2019,128.0
282,Sri Lanka,4.3660000000000005,2019,129.0
283,Myanmar,4.36,2019,130.0
284,Chad,4.35,2019,131.0
285,Ukraine,4.332,2019,132.0
286,Ethiopia,4.2860000000000005,2019,133.0
287,Swaziland,4.212,2019,134.0
288,Uganda,4.189,2019,135.0
289,Egypt,4.166,2019,136.0
290,Zambia,4.107,2019,137.0
291,Togo,4.085,2019,138.0
292,India,4.015,2019,139.0
293,Liberia,3.975,2019,140.0
294,Comoros,3.973,2019,141.0
295,Madagascar,3.933,2019,142.0
296,Lesotho,3.802,2019,143.0
297,Burundi,3.775,2019,144.0
298,Zimbabwe,3.663,2019,145.0
299,Haiti,3.597,2019,146.0
300,Botswana,3.488,2019,147.0
301,Syria,3.462,2019,148.0
302,Malawi,3.41,2019,149.0
303,Yemen,3.38,2019,150.0
304,Rwanda,3.334,2019,151.0
305,Tanzania,3.2310000000000003,2019,152.0
306,Afghanistan,3.2030000000000003,2019,153.0
307,Central African Republic,3.083,2019,154.0
308,South Sudan,2.853,2019,155.0
309,Finland,7.632000000000001,2018,0.0
310,Norway,7.593999999999999,2018,1.0
311,Denmark,7.555,2018,2.0
312,Iceland,7.495,2018,3.0
313,Switzerland,7.487,2018,4.0
314,Netherlands,7.441,2018,5.0
315,Canada,7.327999999999999,2018,6.0
316,New Zealand,7.324,2018,7.0
317,Sweden,7.314,2018,8.0
318,Australia,7.272,2018,9.0
319,United Kingdom,7.19,2018,10.0
320,Austria,7.138999999999999,2018,11.0
321,Costa Rica,7.072,2018,12.0
322,Ireland,6.977,2018,13.0
323,Germany,6.965,2018,14.0
324,Belgium,6.9270000000000005,2018,15.0
325,Luxembourg,6.91,2018,16.0
326,United States,6.886,2018,17.0
327,Israel,6.814,2018,18.0
328,United Arab Emirates,6.774,2018,19.0
329,Czech Republic,6.711,2018,20.0
330,Malta,6.627000000000001,2018,21.0
331,France,6.489,2018,22.0
332,Mexico,6.488,2018,23.0
333,Chile,6.476,2018,24.0
334,Taiwan,6.441,2018,25.0
335,Panama,6.43,2018,26.0
336,Brazil,6.419,2018,27.0
337,Argentina,6.388,2018,28.0
338,Guatemala,6.382000000000001,2018,29.0
339,Uruguay,6.379,2018,30.0
340,Qatar,6.374,2018,31.0
341,Saudi Arabia,6.371,2018,32.0
342,Singapore,6.343,2018,33.0
343,Malaysia,6.322,2018,34.0
344,Spain,6.31,2018,35.0
345,Colombia,6.26,2018,36.0
346,Trinidad & Tobago,6.192,2018,37.0
347,Slovakia,6.172999999999999,2018,38.0
348,El Salvador,6.167000000000001,2018,39.0
349,Nicaragua,6.141,2018,40.0
350,Poland,6.122999999999999,2018,41.0
351,Bahrain,6.105,2018,42.0
352,Uzbekistan,6.096,2018,43.0
353,Kuwait,6.082999999999999,2018,44.0
354,Thailand,6.072,2018,45.0
355,Italy,6.0,2018,46.0
356,Ecuador,5.973,2018,47.0
357,Belize,5.956,2018,48.0
358,Lithuania,5.952000000000001,2018,49.0
359,Slovenia,5.948,2018,50.0
360,Romania,5.945,2018,51.0
361,Latvia,5.933,2018,52.0
362,Japan,5.915,2018,53.0
363,Mauritius,5.891,2018,54.0
364,Jamaica,5.89,2018,55.0
365,South Korea,5.875,2018,56.0
366,Northern Cyprus,5.835,2018,57.0
367,Russia,5.81,2018,58.0
368,Kazakhstan,5.79,2018,59.0
369,Cyprus,5.7620000000000005,2018,60.0
370,Bolivia,5.752000000000001,2018,61.0
371,Estonia,5.739,2018,62.0
372,Paraguay,5.681,2018,63.0
373,Peru,5.662999999999999,2018,64.0
374,Kosovo,5.662000000000001,2018,65.0
375,Moldova,5.64,2018,66.0
376,Turkmenistan,5.636,2018,67.0
377,Hungary,5.62,2018,68.0
378,Libya,5.566,2018,69.0
379,Philippines,5.524,2018,70.0
380,Honduras,5.504,2018,71.0
381,Belarus,5.483,2018,72.0
382,Turkey,5.483,2018,73.0
383,Pakistan,5.472,2018,74.0
384,Hong Kong,5.43,2018,75.0
385,Portugal,5.41,2018,76.0
386,Serbia,5.398,2018,77.0
387,Greece,5.358,2018,78.0
388,Lebanon,5.358,2018,79.0
389,Montenegro,5.347,2018,80.0
390,Croatia,5.321000000000001,2018,81.0
391,Dominican Republic,5.3020000000000005,2018,82.0
392,Algeria,5.295,2018,83.0
393,Morocco,5.254,2018,84.0
394,China,5.246,2018,85.0
395,Azerbaijan,5.2010000000000005,2018,86.0
396,Tajikistan,5.199,2018,87.0
397,Macedonia,5.185,2018,88.0
398,Jordan,5.1610000000000005,2018,89.0
399,Nigeria,5.155,2018,90.0
400,Kyrgyzstan,5.131,2018,91.0
401,Bosnia and Herzegovina,5.129,2018,92.0
402,Mongolia,5.125,2018,93.0
403,Vietnam,5.103,2018,94.0
404,Indonesia,5.093,2018,95.0
405,Bhutan,5.082,2018,96.0
406,Somalia,4.982,2018,97.0
407,Cameroon,4.975,2018,98.0
408,Bulgaria,4.933,2018,99.0
409,Nepal,4.88,2018,100.0
410,Venezuela,4.806,2018,101.0
411,Gabon,4.758,2018,102.0
412,Palestinian Territories,4.743,2018,103.0
413,South Africa,4.724,2018,104.0
414,Iran,4.707,2018,105.0
415,Ivory Coast,4.671,2018,106.0
416,Ghana,4.657,2018,107.0
417,Senegal,4.631,2018,108.0
418,Laos,4.623,2018,109.0
419,Tunisia,4.592,2018,110.0
420,Albania,4.586,2018,111.0
421,Sierra Leone,4.571000000000001,2018,112.0
422,Congo (Brazzaville),4.559,2018,113.0
423,Bangladesh,4.5,2018,114.0
424,Sri Lanka,4.471,2018,115.0
425,Iraq,4.456,2018,116.0
426,Mali,4.447,2018,117.0
427,Namibia,4.441,2018,118.0
428,Cambodia,4.433,2018,119.0
429,Burkina Faso,4.424,2018,120.0
430,Egypt,4.419,2018,121.0
431,Mozambique,4.417,2018,122.0
432,Kenya,4.41,2018,123.0
433,Zambia,4.377,2018,124.0
434,Mauritania,4.356,2018,125.0
435,Ethiopia,4.35,2018,126.0
436,Georgia,4.34,2018,127.0
437,Armenia,4.321000000000001,2018,128.0
438,Myanmar,4.308,2018,129.0
439,Chad,4.301,2018,130.0
440,Congo (Kinshasa),4.245,2018,131.0
441,India,4.19,2018,132.0
442,Niger,4.166,2018,133.0
443,Uganda,4.1610000000000005,2018,134.0
444,Benin,4.141,2018,135.0
445,Sudan,4.138999999999999,2018,136.0
446,Ukraine,4.103,2018,137.0
447,Togo,3.999,2018,138.0
448,Guinea,3.964,2018,139.0
449,Lesotho,3.808,2018,140.0
450,Angola,3.795,2018,141.0
451,Madagascar,3.774,2018,142.0
452,Zimbabwe,3.692,2018,143.0
453,Afghanistan,3.632,2018,144.0
454,Botswana,3.59,2018,145.0
455,Malawi,3.587,2018,146.0
456,Haiti,3.582,2018,147.0
457,Liberia,3.495,2018,148.0
458,Syria,3.462,2018,149.0
459,Rwanda,3.408,2018,150.0
460,Yemen,3.355,2018,151.0
461,Tanzania,3.303,2018,152.0
462,South Sudan,3.254,2018,153.0
463,Central African Republic,3.083,2018,154.0
464,Burundi,2.905,2018,155.0
465,Norway,7.537000179290769,2017,0.0
466,Denmark,7.52199983596802,2017,1.0
467,Iceland,7.50400018692017,2017,2.0
468,Switzerland,7.49399995803833,2017,3.0
469,Finland,7.468999862670901,2017,4.0
470,Netherlands,7.3769998550415,2017,5.0
471,Canada,7.31599998474121,2017,6.0
472,New Zealand,7.31400012969971,2017,7.0
473,Sweden,7.28399991989136,2017,8.0
474,Australia,7.28399991989136,2017,9.0
475,Israel,7.212999820709231,2017,10.0
476,Costa Rica,7.0789999961853,2017,11.0
477,Austria,7.00600004196167,2017,12.0
478,United States,6.993000030517581,2017,13.0
479,Ireland,6.977000236511231,2017,14.0
480,Germany,6.9510002136230495,2017,15.0
481,Belgium,6.89099979400635,2017,16.0
482,Luxembourg,6.86299991607666,2017,17.0
483,United Kingdom,6.71400022506714,2017,18.0
484,Chile,6.65199995040894,2017,19.0
485,United Arab Emirates,6.6479997634887695,2017,20.0
486,Brazil,6.63500022888184,2017,21.0
487,Czech Republic,6.60900020599365,2017,22.0
488,Argentina,6.59899997711182,2017,23.0
489,Mexico,6.57800006866455,2017,24.0
490,Singapore,6.57200002670288,2017,25.0
491,Malta,6.52699995040894,2017,26.0
492,Uruguay,6.4539999961853,2017,27.0
493,Guatemala,6.4539999961853,2017,28.0
494,Panama,6.4520001411438,2017,29.0
495,France,6.44199991226196,2017,30.0
496,Thailand,6.423999786376951,2017,31.0
497,Taiwan Province of China,6.42199993133545,2017,32.0
498,Spain,6.40299987792969,2017,33.0
499,Qatar,6.375,2017,34.0
500,Colombia,6.35699987411499,2017,35.0
501,Saudi Arabia,6.343999862670901,2017,36.0
502,Trinidad and Tobago,6.1680002212524405,2017,37.0
503,Kuwait,6.10500001907349,2017,38.0
504,Slovakia,6.09800004959106,2017,39.0
505,Bahrain,6.08699989318848,2017,40.0
506,Malaysia,6.08400011062622,2017,41.0
507,Nicaragua,6.07100009918213,2017,42.0
508,Ecuador,6.00799989700317,2017,43.0
509,El Salvador,6.002999782562259,2017,44.0
510,Poland,5.97300004959106,2017,45.0
511,Uzbekistan,5.97100019454956,2017,46.0
512,Italy,5.96400022506714,2017,47.0
513,Russia,5.962999820709231,2017,48.0
514,Belize,5.955999851226809,2017,49.0
515,Japan,5.92000007629395,2017,50.0
516,Lithuania,5.90199995040894,2017,51.0
517,Algeria,5.872000217437741,2017,52.0
518,Latvia,5.849999904632571,2017,53.0
519,South Korea,5.837999820709231,2017,54.0
520,Moldova,5.837999820709231,2017,55.0
521,Romania,5.824999809265139,2017,56.0
522,Bolivia,5.82299995422363,2017,57.0
523,Turkmenistan,5.82200002670288,2017,58.0
524,Kazakhstan,5.8189997673034695,2017,59.0
525,North Cyprus,5.80999994277954,2017,60.0
526,Slovenia,5.75799989700317,2017,61.0
527,Peru,5.71500015258789,2017,62.0
528,Mauritius,5.62900018692017,2017,63.0
529,Cyprus,5.62099981307983,2017,64.0
530,Estonia,5.61100006103516,2017,65.0
531,Belarus,5.5689997673034695,2017,66.0
532,Libya,5.525000095367429,2017,67.0
533,Turkey,5.5,2017,68.0
534,Paraguay,5.493000030517581,2017,69.0
535,"Hong Kong S.A.R., China",5.47200012207031,2017,70.0
536,Philippines,5.42999982833862,2017,71.0
537,Serbia,5.39499998092651,2017,72.0
538,Jordan,5.33599996566772,2017,73.0
539,Hungary,5.32399988174438,2017,74.0
540,Jamaica,5.31099987030029,2017,75.0
541,Croatia,5.2930002212524405,2017,76.0
542,Kosovo,5.27899980545044,2017,77.0
543,China,5.2729997634887695,2017,78.0
544,Pakistan,5.26900005340576,2017,79.0
545,Indonesia,5.26200008392334,2017,80.0
546,Venezuela,5.25,2017,81.0
547,Montenegro,5.23699998855591,2017,82.0
548,Morocco,5.2350001335144,2017,83.0
549,Azerbaijan,5.234000205993651,2017,84.0
550,Dominican Republic,5.230000019073491,2017,85.0
551,Greece,5.227000236511231,2017,86.0
552,Lebanon,5.22499990463257,2017,87.0
553,Portugal,5.19500017166138,2017,88.0
554,Bosnia and Herzegovina,5.18200016021729,2017,89.0
555,Honduras,5.1810002326965305,2017,90.0
556,Macedonia,5.175000190734861,2017,91.0
557,Somalia,5.151000022888179,2017,92.0
558,Vietnam,5.07399988174438,2017,93.0
559,Nigeria,5.07399988174438,2017,94.0
560,Tajikistan,5.04099988937378,2017,95.0
561,Bhutan,5.01100015640259,2017,96.0
562,Kyrgyzstan,5.0040001869201705,2017,97.0
563,Nepal,4.961999893188481,2017,98.0
564,Mongolia,4.95499992370605,2017,99.0
565,South Africa,4.8289999961853,2017,100.0
566,Tunisia,4.80499982833862,2017,101.0
567,Palestinian Territories,4.77500009536743,2017,102.0
568,Egypt,4.7350001335144,2017,103.0
569,Bulgaria,4.71400022506714,2017,104.0
570,Sierra Leone,4.70900011062622,2017,105.0
571,Cameroon,4.69500017166138,2017,106.0
572,Iran,4.69199991226196,2017,107.0
573,Albania,4.64400005340576,2017,108.0
574,Bangladesh,4.60799980163574,2017,109.0
575,Namibia,4.57399988174438,2017,110.0
576,Kenya,4.55299997329712,2017,111.0
577,Mozambique,4.550000190734861,2017,112.0
578,Myanmar,4.54500007629395,2017,113.0
579,Senegal,4.53499984741211,2017,114.0
580,Zambia,4.513999938964839,2017,115.0
581,Iraq,4.49700021743774,2017,116.0
582,Gabon,4.46500015258789,2017,117.0
583,Ethiopia,4.46000003814697,2017,118.0
584,Sri Lanka,4.44000005722046,2017,119.0
585,Armenia,4.37599992752075,2017,120.0
586,India,4.31500005722046,2017,121.0
587,Mauritania,4.29199981689453,2017,122.0
588,Congo (Brazzaville),4.29099988937378,2017,123.0
589,Georgia,4.28599977493286,2017,124.0
590,Congo (Kinshasa),4.280000209808351,2017,125.0
591,Mali,4.19000005722046,2017,126.0
592,Ivory Coast,4.17999982833862,2017,127.0
593,Cambodia,4.1680002212524405,2017,128.0
594,Sudan,4.138999938964839,2017,129.0
595,Ghana,4.11999988555908,2017,130.0
596,Ukraine,4.09600019454956,2017,131.0
597,Uganda,4.08099985122681,2017,132.0
598,Burkina Faso,4.03200006484985,2017,133.0
599,Niger,4.02799987792969,2017,134.0
600,Malawi,3.97000002861023,2017,135.0
601,Chad,3.9360001087188703,2017,136.0
602,Zimbabwe,3.875,2017,137.0
603,Lesotho,3.80800008773804,2017,138.0
604,Angola,3.79500007629395,2017,139.0
605,Afghanistan,3.79399991035461,2017,140.0
606,Botswana,3.7660000324249294,2017,141.0
607,Benin,3.65700006484985,2017,142.0
608,Madagascar,3.64400005340576,2017,143.0
609,Haiti,3.6029999256134,2017,144.0
610,Yemen,3.59299993515015,2017,145.0
611,South Sudan,3.5910000801086404,2017,146.0
612,Liberia,3.532999992370609,2017,147.0
613,Guinea,3.50699996948242,2017,148.0
614,Togo,3.4949998855590803,2017,149.0
615,Rwanda,3.47099995613098,2017,150.0
616,Syria,3.46199989318848,2017,151.0
617,Tanzania,3.34899997711182,2017,152.0
618,Burundi,2.90499997138977,2017,153.0
619,Central African Republic,2.69300007820129,2017,154.0
620,Denmark,7.526,2016,0.0
621,Switzerland,7.508999999999999,2016,1.0
622,Iceland,7.501,2016,2.0
623,Norway,7.497999999999999,2016,3.0
624,Finland,7.412999999999999,2016,4.0
625,Canada,7.404,2016,5.0
626,Netherlands,7.338999999999999,2016,6.0
627,New Zealand,7.334,2016,7.0
628,Australia,7.313,2016,8.0
629,Sweden,7.291,2016,9.0
630,Israel,7.267,2016,10.0
631,Austria,7.119,2016,11.0
632,United States,7.104,2016,12.0
633,Costa Rica,7.087000000000001,2016,13.0
634,Puerto Rico,7.039,2016,14.0
635,Germany,6.994,2016,15.0
636,Brazil,6.952000000000001,2016,16.0
637,Belgium,6.928999999999999,2016,17.0
638,Ireland,6.907,2016,18.0
639,Luxembourg,6.871,2016,19.0
640,Mexico,6.778,2016,20.0
641,Singapore,6.739,2016,21.0
642,United Kingdom,6.725,2016,22.0
643,Chile,6.705,2016,23.0
644,Panama,6.7010000000000005,2016,24.0
645,Argentina,6.65,2016,25.0
646,Czech Republic,6.596,2016,26.0
647,United Arab Emirates,6.573,2016,27.0
648,Uruguay,6.545,2016,28.0
649,Malta,6.488,2016,29.0
650,Colombia,6.481,2016,30.0
651,France,6.478,2016,31.0
652,Thailand,6.474,2016,32.0
653,Saudi Arabia,6.379,2016,33.0
654,Taiwan,6.379,2016,34.0
655,Qatar,6.375,2016,35.0
656,Spain,6.361000000000001,2016,36.0
657,Algeria,6.355,2016,37.0
658,Guatemala,6.324,2016,38.0
659,Suriname,6.269,2016,39.0
660,Kuwait,6.239,2016,40.0
661,Bahrain,6.218,2016,41.0
662,Trinidad and Tobago,6.167999999999999,2016,42.0
663,Venezuela,6.084,2016,43.0
664,Slovakia,6.077999999999999,2016,44.0
665,El Salvador,6.068,2016,45.0
666,Malaysia,6.005,2016,46.0
667,Nicaragua,5.992000000000001,2016,47.0
668,Uzbekistan,5.987,2016,48.0
669,Italy,5.977,2016,49.0
670,Ecuador,5.976,2016,50.0
671,Belize,5.956,2016,51.0
672,Japan,5.921,2016,52.0
673,Kazakhstan,5.919,2016,53.0
674,Moldova,5.897,2016,54.0
675,Russia,5.856,2016,55.0
676,Poland,5.835,2016,56.0
677,South Korea,5.835,2016,57.0
678,Bolivia,5.822,2016,58.0
679,Lithuania,5.813,2016,59.0
680,Belarus,5.8020000000000005,2016,60.0
681,North Cyprus,5.771,2016,61.0
682,Slovenia,5.768,2016,62.0
683,Peru,5.742999999999999,2016,63.0
684,Turkmenistan,5.658,2016,64.0
685,Mauritius,5.648,2016,65.0
686,Libya,5.615,2016,66.0
687,Latvia,5.56,2016,67.0
688,Cyprus,5.546,2016,68.0
689,Paraguay,5.537999999999999,2016,69.0
690,Romania,5.528,2016,70.0
691,Estonia,5.517,2016,71.0
692,Jamaica,5.51,2016,72.0
693,Croatia,5.488,2016,73.0
694,Hong Kong,5.457999999999999,2016,74.0
695,Somalia,5.44,2016,75.0
696,Kosovo,5.401,2016,76.0
697,Turkey,5.388999999999999,2016,77.0
698,Indonesia,5.314,2016,78.0
699,Jordan,5.303,2016,79.0
700,Azerbaijan,5.291,2016,80.0
701,Philippines,5.279,2016,81.0
702,China,5.245,2016,82.0
703,Bhutan,5.196000000000001,2016,83.0
704,Kyrgyzstan,5.185,2016,84.0
705,Serbia,5.1770000000000005,2016,85.0
706,Bosnia and Herzegovina,5.162999999999999,2016,86.0
707,Montenegro,5.1610000000000005,2016,87.0
708,Dominican Republic,5.155,2016,88.0
709,Morocco,5.151,2016,89.0
710,Hungary,5.145,2016,90.0
711,Pakistan,5.132000000000001,2016,91.0
712,Lebanon,5.129,2016,92.0
713,Portugal,5.122999999999999,2016,93.0
714,Macedonia,5.121,2016,94.0
715,Vietnam,5.061,2016,95.0
716,Somaliland Region,5.057,2016,96.0
717,Tunisia,5.045,2016,97.0
718,Greece,5.033,2016,98.0
719,Tajikistan,4.996,2016,99.0
720,Mongolia,4.907,2016,100.0
721,Laos,4.876,2016,101.0
722,Nigeria,4.875,2016,102.0
723,Honduras,4.871,2016,103.0
724,Iran,4.813,2016,104.0
725,Zambia,4.795,2016,105.0
726,Nepal,4.793,2016,106.0
727,Palestinian Territories,4.754,2016,107.0
728,Albania,4.655,2016,108.0
729,Bangladesh,4.643,2016,109.0
730,Sierra Leone,4.635,2016,110.0
731,Iraq,4.575,2016,111.0
732,Namibia,4.574,2016,112.0
733,Cameroon,4.513,2016,113.0
734,Ethiopia,4.508,2016,114.0
735,South Africa,4.459,2016,115.0
736,Sri Lanka,4.415,2016,116.0
737,India,4.404,2016,117.0
738,Myanmar,4.395,2016,118.0
739,Egypt,4.362,2016,119.0
740,Armenia,4.36,2016,120.0
741,Kenya,4.356,2016,121.0
742,Ukraine,4.324,2016,122.0
743,Ghana,4.276,2016,123.0
744,Congo (Kinshasa),4.272,2016,124.0
745,Georgia,4.252,2016,125.0
746,Congo (Brazzaville),4.236000000000001,2016,126.0
747,Senegal,4.218999999999999,2016,127.0
748,Bulgaria,4.217,2016,128.0
749,Mauritania,4.2010000000000005,2016,129.0
750,Zimbabwe,4.1930000000000005,2016,130.0
751,Malawi,4.156000000000001,2016,131.0
752,Sudan,4.138999999999999,2016,132.0
753,Gabon,4.121,2016,133.0
754,Mali,4.073,2016,134.0
755,Haiti,4.0280000000000005,2016,135.0
756,Botswana,3.974,2016,136.0
757,Comoros,3.956,2016,137.0
758,Ivory Coast,3.916,2016,138.0
759,Cambodia,3.907,2016,139.0
760,Angola,3.866,2016,140.0
761,Niger,3.856,2016,141.0
762,South Sudan,3.832,2016,142.0
763,Chad,3.763,2016,143.0
764,Burkina Faso,3.739,2016,144.0
765,Uganda,3.739,2016,145.0
766,Yemen,3.724,2016,146.0
767,Madagascar,3.695,2016,147.0
768,Tanzania,3.666,2016,148.0
769,Liberia,3.622,2016,149.0
770,Guinea,3.607,2016,150.0
771,Rwanda,3.515,2016,151.0
772,Benin,3.484,2016,152.0
773,Afghanistan,3.36,2016,153.0
774,Togo,3.303,2016,154.0
775,Syria,3.069,2016,155.0
776,Burundi,2.905,2016,156.0
777,Switzerland,7.587000000000001,2015,0.0
778,Iceland,7.561,2015,1.0
779,Denmark,7.527,2015,2.0
780,Norway,7.522,2015,3.0
781,Canada,7.427,2015,4.0
782,Finland,7.406000000000001,2015,5.0
783,Netherlands,7.377999999999999,2015,6.0
784,Sweden,7.364,2015,7.0
785,New Zealand,7.286,2015,8.0
786,Australia,7.284,2015,9.0
787,Israel,7.278,2015,10.0
788,Costa Rica,7.226,2015,11.0
789,Austria,7.2,2015,12.0
790,Mexico,7.187,2015,13.0
791,United States,7.119,2015,14.0
792,Brazil,6.983,2015,15.0
793,Luxembourg,6.946000000000001,2015,16.0
794,Ireland,6.94,2015,17.0
795,Belgium,6.937,2015,18.0
796,United Arab Emirates,6.901,2015,19.0
797,United Kingdom,6.867000000000001,2015,20.0
798,Oman,6.853,2015,21.0
799,Venezuela,6.81,2015,22.0
800,Singapore,6.797999999999999,2015,23.0
801,Panama,6.7860000000000005,2015,24.0
802,Germany,6.75,2015,25.0
803,Chile,6.67,2015,26.0
804,Qatar,6.611000000000001,2015,27.0
805,France,6.575,2015,28.0
806,Argentina,6.574,2015,29.0
807,Czech Republic,6.505,2015,30.0
808,Uruguay,6.485,2015,31.0
809,Colombia,6.477,2015,32.0
810,Thailand,6.455,2015,33.0
811,Saudi Arabia,6.4110000000000005,2015,34.0
812,Spain,6.329,2015,35.0
813,Malta,6.3020000000000005,2015,36.0
814,Taiwan,6.297999999999999,2015,37.0
815,Kuwait,6.295,2015,38.0
816,Suriname,6.269,2015,39.0
817,Trinidad and Tobago,6.167999999999999,2015,40.0
818,El Salvador,6.13,2015,41.0
819,Guatemala,6.122999999999999,2015,42.0
820,Uzbekistan,6.002999999999999,2015,43.0
821,Slovakia,5.995,2015,44.0
822,Japan,5.987,2015,45.0
823,South Korea,5.984,2015,46.0
824,Ecuador,5.975,2015,47.0
825,Bahrain,5.96,2015,48.0
826,Italy,5.948,2015,49.0
827,Bolivia,5.89,2015,50.0
828,Moldova,5.888999999999999,2015,51.0
829,Paraguay,5.877999999999999,2015,52.0
830,Kazakhstan,5.855,2015,53.0
831,Slovenia,5.848,2015,54.0
832,Lithuania,5.832999999999999,2015,55.0
833,Nicaragua,5.827999999999999,2015,56.0
834,Peru,5.824,2015,57.0
835,Belarus,5.813,2015,58.0
836,Poland,5.791,2015,59.0
837,Malaysia,5.77,2015,60.0
838,Croatia,5.759,2015,61.0
839,Libya,5.754,2015,62.0
840,Russia,5.716,2015,63.0
841,Jamaica,5.709,2015,64.0
842,North Cyprus,5.695,2015,65.0
843,Cyprus,5.689,2015,66.0
844,Algeria,5.605,2015,67.0
845,Kosovo,5.589,2015,68.0
846,Turkmenistan,5.547999999999999,2015,69.0
847,Mauritius,5.477,2015,70.0
848,Hong Kong,5.474,2015,71.0
849,Estonia,5.428999999999999,2015,72.0
850,Indonesia,5.399,2015,73.0
851,Vietnam,5.36,2015,74.0
852,Turkey,5.332000000000001,2015,75.0
853,Kyrgyzstan,5.2860000000000005,2015,76.0
854,Nigeria,5.268,2015,77.0
855,Bhutan,5.252999999999999,2015,78.0
856,Azerbaijan,5.212000000000001,2015,79.0
857,Pakistan,5.194,2015,80.0
858,Jordan,5.192,2015,81.0
859,Montenegro,5.192,2015,82.0
860,China,5.14,2015,83.0
861,Zambia,5.129,2015,84.0
862,Romania,5.124,2015,85.0
863,Serbia,5.122999999999999,2015,86.0
864,Portugal,5.102,2015,87.0
865,Latvia,5.098,2015,88.0
866,Philippines,5.073,2015,89.0
867,Somaliland region,5.057,2015,90.0
868,Morocco,5.013,2015,91.0
869,Macedonia,5.007,2015,92.0
870,Mozambique,4.971,2015,93.0
871,Albania,4.959,2015,94.0
872,Bosnia and Herzegovina,4.949,2015,95.0
873,Lesotho,4.898,2015,96.0
874,Dominican Republic,4.885,2015,97.0
875,Laos,4.876,2015,98.0
876,Mongolia,4.874,2015,99.0
877,Swaziland,4.867,2015,100.0
878,Greece,4.857,2015,101.0
879,Lebanon,4.839,2015,102.0
880,Hungary,4.8,2015,103.0
881,Honduras,4.788,2015,104.0
882,Tajikistan,4.7860000000000005,2015,105.0
883,Tunisia,4.739,2015,106.0
884,Palestinian Territories,4.715,2015,107.0
885,Bangladesh,4.694,2015,108.0
886,Iran,4.686,2015,109.0
887,Ukraine,4.681,2015,110.0
888,Iraq,4.677,2015,111.0
889,South Africa,4.642,2015,112.0
890,Ghana,4.633,2015,113.0
891,Zimbabwe,4.61,2015,114.0
892,Liberia,4.571000000000001,2015,115.0
893,India,4.565,2015,116.0
894,Sudan,4.55,2015,117.0
895,Haiti,4.518,2015,118.0
896,Congo (Kinshasa),4.517,2015,119.0
897,Nepal,4.513999999999999,2015,120.0
898,Ethiopia,4.512,2015,121.0
899,Sierra Leone,4.507,2015,122.0
900,Mauritania,4.436,2015,123.0
901,Kenya,4.419,2015,124.0
902,Djibouti,4.369,2015,125.0
903,Armenia,4.35,2015,126.0
904,Botswana,4.332,2015,127.0
905,Myanmar,4.307,2015,128.0
906,Georgia,4.297,2015,129.0
907,Malawi,4.292,2015,130.0
908,Sri Lanka,4.271,2015,131.0
909,Cameroon,4.252,2015,132.0
910,Bulgaria,4.218,2015,133.0
911,Egypt,4.194,2015,134.0
912,Yemen,4.077,2015,135.0
913,Angola,4.033,2015,136.0
914,Mali,3.995,2015,137.0
915,Congo (Brazzaville),3.989,2015,138.0
916,Comoros,3.956,2015,139.0
917,Uganda,3.931,2015,140.0
918,Senegal,3.904,2015,141.0
919,Gabon,3.896,2015,142.0
920,Niger,3.845,2015,143.0
921,Cambodia,3.819,2015,144.0
922,Tanzania,3.781,2015,145.0
923,Madagascar,3.681,2015,146.0
924,Central African Republic,3.678,2015,147.0
925,Chad,3.667,2015,148.0
926,Guinea,3.656,2015,149.0
927,Ivory Coast,3.655,2015,150.0
928,Burkina Faso,3.587,2015,151.0
929,Afghanistan,3.575,2015,152.0
930,Rwanda,3.465,2015,153.0
931,Benin,3.34,2015,154.0
932,Syria,3.006,2015,155.0
933,Burundi,2.905,2015,156.0
934,Togo,2.839,2015,157.0
