,Country name,Explained by: Freedom to make life choices,Explained by: Generosity,Explained by: Healthy life expectancy,Explained by: Log GDP per capita,Explained by: Perceptions of corruption,Explained by: Social support,Score,year,code
0,Finland,0.691,0.124,0.741,1.446,0.481,1.106,7.842,2021,FIN
1,Denmark,0.686,0.208,0.763,1.502,0.485,1.108,7.62,2021,DNK
2,Switzerland,0.653,0.204,0.816,1.566,0.413,1.079,7.571,2021,CHE
3,Iceland,0.698,0.293,0.772,1.482,0.17,1.172,7.554,2021,ISL
4,Netherlands,0.647,0.302,0.753,1.501,0.384,1.079,7.464,2021,NLD
5,Norway,0.703,0.249,0.782,1.543,0.427,1.108,7.392,2021,NOR
6,Sweden,0.685,0.244,0.763,1.478,0.448,1.062,7.363,2021,SWE
7,Luxembourg,0.639,0.166,0.76,1.751,0.353,1.003,7.324,2021,LUX
8,New Zealand,0.665,0.276,0.785,1.4,0.445,1.094,7.277,2021,NZL
9,Austria,0.64,0.215,0.782,1.492,0.292,1.062,7.268,2021,AUT
10,Australia,0.647,0.291,0.801,1.453,0.317,1.076,7.183,2021,AUS
11,Israel,0.509,0.208,0.788,1.376,0.119,1.074,7.157,2021,ISR
12,Germany,0.6,0.195,0.757,1.48,0.306,0.993,7.155,2021,DEU
13,Canada,0.648,0.246,0.798,1.447,0.335,1.044,7.103,2021,CAN
14,Ireland,0.606,0.238,0.753,1.644,0.367,1.092,7.085,2021,IRL
15,Costa Rica,0.673,0.105,0.722,1.134,0.083,0.966,7.069,2021,CRI
16,United Kingdom,0.58,0.34,0.757,1.423,0.306,1.062,7.064,2021,GBR
17,Czech Republic,0.58,0.052,0.703,1.37,0.046,1.09,6.965,2021,CZE
18,United States,0.554,0.252,0.621,1.533,0.154,1.03,6.951,2021,USA
19,Belgium,0.489,0.088,0.747,1.463,0.187,0.998,6.834,2021,BEL
20,France,0.536,0.092,0.804,1.421,0.235,1.081,6.69,2021,FRA
21,Bahrain,0.661,0.246,0.662,1.409,0.139,0.899,6.647,2021,BHR
22,Malta,0.664,0.275,0.747,1.411,0.183,1.055,6.602,2021,MLT
23,Taiwan Province of China,0.49,0.142,0.665,1.48,0.139,0.982,6.584,2021,TWN
24,United Arab Emirates,0.67,0.236,0.594,1.555,0.223,0.86,6.561,2021,ARE
25,Saudi Arabia,0.603,0.09,0.571,1.435,0.163,0.964,6.494,2021,SAU
26,Spain,0.462,0.135,0.826,1.375,0.124,1.057,6.491,2021,ESP
27,Italy,0.379,0.133,0.798,1.393,0.047,0.94,6.483,2021,ITA
28,Slovenia,0.69,0.122,0.722,1.36,0.085,1.093,6.461,2021,SVN
29,Guatemala,0.638,0.163,0.519,0.845,0.105,0.79,6.435,2021,GTM
30,Uruguay,0.625,0.128,0.649,1.164,0.223,1.042,6.431,2021,URY
31,Singapore,0.664,0.176,0.897,1.695,0.547,1.019,6.377,2021,SGP
32,Kosovo,0.593,0.356,0.483,0.937,0.014,0.807,6.372,2021,XKX
33,Slovakia,0.468,0.107,0.653,1.304,0.018,1.066,6.331,2021,SVK
34,Brazil,0.514,0.142,0.571,1.028,0.117,0.944,6.33,2021,BRA
35,Mexico,0.585,0.092,0.634,1.126,0.089,0.83,6.317,2021,MEX
36,Jamaica,0.618,0.099,0.599,0.891,0.035,0.932,6.309,2021,JAM
37,Lithuania,0.476,0.056,0.612,1.35,0.073,1.065,6.255,2021,LTU
38,Cyprus,0.464,0.178,0.801,1.377,0.061,0.765,6.223,2021,CYP
39,Estonia,0.641,0.119,0.64,1.344,0.263,1.079,6.189,2021,EST
40,Panama,0.596,0.079,0.667,1.298,0.053,0.976,6.18,2021,PAN
41,Uzbekistan,0.716,0.391,0.528,0.769,0.271,1.027,6.179,2021,UZB
42,Chile,0.438,0.159,0.678,1.2,0.07,0.946,6.172,2021,CHL
43,Poland,0.558,0.08,0.668,1.309,0.13,0.982,6.166,2021,POL
44,Kazakhstan,0.573,0.143,0.527,1.23,0.132,1.103,6.152,2021,KAZ
45,Romania,0.564,0.045,0.595,1.275,0.001,0.832,6.14,2021,ROU
46,Kuwait,0.591,0.12,0.58,1.461,0.13,0.857,6.106,2021,KWT
47,Serbia,0.482,0.189,0.634,1.101,0.066,0.924,6.078,2021,SRB
48,El Salvador,0.615,0.116,0.565,0.845,0.16,0.675,6.061,2021,SLV
49,Mauritius,0.59,0.153,0.574,1.178,0.096,0.996,6.049,2021,MUS
50,Latvia,0.405,0.082,0.587,1.285,0.089,1.047,6.032,2021,LVA
51,Colombia,0.554,0.1,0.615,1.021,0.063,0.866,6.012,2021,COL
52,Hungary,0.454,0.067,0.615,1.301,0.04,1.083,5.992,2021,HUN
53,Thailand,0.611,0.375,0.596,1.107,0.028,0.957,5.985,2021,THA
54,Nicaragua,0.553,0.201,0.604,0.693,0.176,0.904,5.972,2021,NIC
55,Japan,0.504,0.02,0.838,1.389,0.192,0.949,5.94,2021,JPN
56,Argentina,0.544,0.069,0.646,1.162,0.067,0.98,5.929,2021,ARG
57,Portugal,0.621,0.029,0.76,1.323,0.033,0.939,5.929,2021,PRT
58,Honduras,0.578,0.241,0.593,0.703,0.083,0.787,5.919,2021,HND
59,Croatia,0.453,0.111,0.703,1.251,0.10450000000000001,1.039,5.882,2021,HRV
60,Philippines,0.651,0.125,0.426,0.853,0.126,0.828,5.88,2021,PHL
61,South Korea,0.353,0.134,0.801,1.403,0.135,0.758,5.845,2021,KOR
62,Peru,0.536,0.087,0.623,0.986,0.031,0.833,5.84,2021,PER
63,Bosnia and Herzegovina,0.395,0.261,0.618,1.032,0.005,0.919,5.813,2021,BIH
64,Moldova,0.536,0.137,0.542,0.985,0.013,0.888,5.766,2021,MDA
65,Ecuador,0.56,0.107,0.64,0.935,0.062,0.806,5.764,2021,ECU
66,Kyrgyzstan,0.673,0.266,0.501,0.665,0.02,0.971,5.744,2021,KGZ
67,Greece,0.243,0.202,0.76,1.273,0.074,0.811,5.723,2021,GRC
68,Bolivia,0.6,0.138,0.486,0.842,0.064,0.782,5.716,2021,BOL
69,Mongolia,0.397,0.263,0.442,0.966,0.053,1.065,5.677,2021,MNG
70,Paraguay,0.602,0.206,0.549,0.983,0.037,0.97,5.653,2021,PRY
71,Montenegro,0.397,0.166,0.637,1.155,0.081,0.891,5.581,2021,MNE
72,Dominican Republic,0.581,0.101,0.555,1.106,0.144,0.879,5.545,2021,DOM
73,North Cyprus,0.503,0.196,0.801,1.377,0.2,0.806,5.536,2021,CYP
74,Belarus,0.326,0.07,0.56,1.124,0.199,1.007,5.534,2021,BLR
75,Russia,0.409,0.115,0.511,1.241,0.06,0.992,5.477,2021,RUS
76,Hong Kong S.A.R. of China,0.408,0.232,0.893,1.525,0.342,0.841,5.477,2021,HKG
77,Tajikistan,0.548,0.152,0.498,0.508,0.247,0.895,5.466,2021,TJK
78,Vietnam,0.679,0.124,0.616,0.817,0.091,0.873,5.411,2021,VNM
79,Libya,0.474,0.131,0.435,1.044,0.174,0.821,5.41,2021,LBY
80,Malaysia,0.624,0.27,0.587,1.259,0.064,0.797,5.384,2021,MYS
81,Indonesia,0.598,0.541,0.433,0.954,0.046,0.786,5.345,2021,IDN
82,Congo (Brazzaville),0.381,0.144,0.307,0.518,0.124,0.392,5.342,2021,COG
83,China,0.636,0.093,0.665,1.061,0.117,0.785,5.339,2021,CHN
84,Ivory Coast,0.438,0.177,0.052,0.669,0.092,0.409,5.306,2021,CIV
85,Armenia,0.54,0.079,0.585,0.996,0.198,0.758,5.283,2021,ARM
86,Nepal,0.488,0.287,0.496,0.519,0.135,0.702,5.269,2021,NPL
87,Bulgaria,0.494,0.125,0.583,1.181,0.005,1.055,5.266,2021,BGR
88,Maldives,0.575,0.204,0.697,1.115,0.073,1.015,5.198,2021,MDV
89,Azerbaijan,0.526,0.043,0.541,1.025,0.276,0.841,5.171,2021,AZE
90,Cameroon,0.425,0.205,0.159,0.543,0.058,0.556,5.142,2021,CMR
91,Senegal,0.381,0.158,0.357,0.518,0.088,0.558,5.132,2021,SEN
92,Albania,0.491,0.168,0.646,1.008,0.024,0.529,5.117,2021,ALB
93,North Macedonia,0.45,0.212,0.535,1.068,0.022,0.772,5.101,2021,MKD
94,Ghana,0.517,0.268,0.287,0.68,0.058,0.595,5.088,2021,GHA
95,Niger,0.516,0.2,0.167,0.162,0.157,0.402,5.074,2021,NER
96,Turkmenistan,0.602,0.366,0.439,1.046,0.033,1.172,5.066,2021,TKM
97,Gambia,0.384,0.465,0.21,0.367,0.123,0.511,5.051,2021,GMB
98,Benin,0.457,0.166,0.196,0.507,0.178,0.058,5.045,2021,BEN
99,Laos,0.643,0.268,0.33,0.808,0.179,0.598,5.03,2021,LAO
100,Bangladesh,0.603,0.161,0.514,0.635,0.164,0.52,5.025,2021,BGD
101,Guinea,0.384,0.25,0.206,0.42,0.111,0.399,4.984,2021,GIN
102,South Africa,0.447,0.144,0.265,0.967,0.051,0.895,4.956,2021,ZAF
103,Turkey,0.236,0.097,0.59,1.26,0.104,0.809,4.948,2021,TUR
104,Pakistan,0.418,0.252,0.322,0.637,0.097,0.423,4.934,2021,PAK
105,Morocco,0.477,0.034,0.558,0.792,0.088,0.219,4.918,2021,MAR
106,Venezuela,0.284,0.078,0.574,0.852,0.072,0.897,4.892,2021,VEN
107,Georgia,0.488,0.032,0.498,1.03,0.181,0.47,4.891,2021,GEO
108,Algeria,0.119,0.144,0.552,0.946,0.12,0.765,4.887,2021,DZA
109,Ukraine,0.417,0.181,0.517,0.979,0.01,0.958,4.875,2021,UKR
110,Iraq,0.302,0.153,0.381,0.91,0.041,0.638,4.854,2021,IRQ
111,Gabon,0.424,0.058,0.362,1.037,0.064,0.707,4.852,2021,GAB
112,Burkina Faso,0.381,0.182,0.179,0.364,0.122,0.472,4.834,2021,BFA
113,Cambodia,0.702,0.21,0.426,0.603,0.061,0.68,4.83,2021,KHM
114,Mozambique,0.608,0.228,0.196,0.183,0.163,0.634,4.794,2021,MOZ
115,Nigeria,0.433,0.212,0.051,0.663,0.039,0.625,4.759,2021,NGA
116,Mali,0.384,0.164,0.11,0.387,0.072,0.59,4.723,2021,MLI
117,Iran,0.275,0.33,0.561,1.03,0.144,0.557,4.721,2021,IRN
118,Uganda,0.398,0.267,0.24,0.364,0.054,0.718,4.636,2021,UGA
119,Liberia,0.43,0.221,0.253,0.228,0.057,0.58,4.625,2021,LBR
120,Kenya,0.483,0.375,0.385,0.603,0.073,0.508,4.607,2021,KEN
121,Tunisia,0.334,0.057,0.59,0.919,0.044,0.515,4.596,2021,TUN
122,Lebanon,0.175,0.14,0.595,1.045,0.026,0.868,4.584,2021,LBN
123,Namibia,0.411,0.091,0.262,0.882,0.059,0.801,4.574,2021,NAM
124,Palestinian Territories,0.33,0.082,0.434,0.646,0.075,0.819,4.517,2021,PSE
125,Myanmar,0.601,0.52,0.341,0.666,0.178,0.713,4.426,2021,MMR
126,Jordan,0.455,0.079,0.583,0.89,0.15,0.685,4.395,2021,JOR
127,Chad,0.24,0.215,0.588,0.255,0.084,0.353,4.355,2021,TCD
128,Sri Lanka,0.559,0.239,0.593,0.99,0.049,0.82,4.325,2021,LKA
129,Swaziland,0.323,0.067,0.074,0.849,0.147,0.693,4.308,2021,SWZ
130,Comoros,0.202,0.241,0.279,0.488,0.101,0.367,4.289,2021,COM
131,Egypt,0.446,0.069,0.426,0.954,0.092,0.647,4.283,2021,EGY
132,Ethiopia,0.451,0.241,0.331,0.37,0.114,0.679,4.275,2021,ETH
133,Mauritania,0.218,0.119,0.273,0.666,0.133,0.749,4.227,2021,MRT
134,Madagascar,0.207,0.185,0.341,0.266,0.087,0.503,4.208,2021,MDG
135,Togo,0.289,0.209,0.203,0.254,0.107,0.239,4.107,2021,TGO
136,Zambia,0.487,0.227,0.231,0.528,0.074,0.552,4.073,2021,ZMB
137,Sierra Leone,0.408,0.243,0.1,0.279,0.047,0.377,3.849,2021,SLE
138,India,0.622,0.246,0.383,0.741,0.106,0.316,3.819,2021,IND
139,Burundi,0.298,0.172,0.155,0.535,0.212,0.062,3.775,2021,BDI
140,Yemen,0.268,0.092,0.272,0.329,0.089,0.831,3.658,2021,YEM
141,Tanzania,0.549,0.307,0.3,0.433,0.231,0.54,3.623,2021,TZA
142,Haiti,0.257,0.463,0.227,0.294,0.139,0.173,3.615,2021,HTI
143,Malawi,0.484,0.213,0.298,0.113,0.134,0.168,3.6,2021,MWI
144,Lesotho,0.405,0.103,0.007,0.451,0.015,0.731,3.512,2021,LSO
145,Botswana,0.539,0.027,0.34,1.099,0.088,0.724,3.467,2021,BWA
146,Rwanda,0.627,0.227,0.407,0.364,0.493,0.202,3.415,2021,RWA
147,Zimbabwe,0.359,0.157,0.243,0.457,0.075,0.649,3.145,2021,ZWE
148,Afghanistan,0.51065837,0.122,0.126,0.37,0.01,1.0742629525,2.523,2021,AFG
0,Finland,0.66231674,0.159670442,0.961271405,1.285189509,0.477857262,1.499525905,7.808700085,2020,FIN
1,Denmark,0.665039897,0.242793396,0.979332566,1.326948524,0.495260328,1.503449202,7.645599842,2020,DNK
2,Switzerland,0.62895447,0.269055754,1.040533185,1.39077425,0.407945901,1.472403407,7.559899807,2020,CHE
3,Iceland,0.661980748,0.362330228,1.000843406,1.326501608,0.144540772,1.547567487,7.504499912,2020,ISL
4,Norway,0.670200884,0.287985086,1.008071899,1.42420733,0.434100568,1.495172501,7.487999916,2020,NOR
5,Netherlands,0.61362648,0.336317569,0.975675344,1.338946342,0.368569762,1.463645935,7.448900223,2020,NLD
6,Sweden,0.650297701,0.272827893,0.986470461,1.322235227,0.442066371,1.433347702,7.353499889,2020,SWE
7,New Zealand,0.646789908,0.325726211,1.008138299,1.242317915,0.461268276,1.48721838,7.299600124,2020,NZL
8,Austria,0.603368878,0.255509764,1.000933528,1.317285538,0.281256139,1.437444925,7.294199944,2020,AUT
9,Luxembourg,0.610137045,0.19595392,0.986442685,1.536676049,0.367041469,1.387528419,7.237500191,2020,LUX
10,Canada,0.644028127,0.28152892,1.022501945,1.301647663,0.351701856,1.435391903,7.23210001,2020,CAN
11,Australia,0.621877193,0.324973613,1.022607684,1.310396433,0.335996419,1.477146268,7.222799778,2020,AUS
12,United Kingdom,0.525168657,0.373433441,0.97570008,1.273061037,0.322601646,1.457844973,7.164500237,2020,GBR
13,Israel,0.420699477,0.266861796,1.008052945,1.216463685,0.09989845,1.403256774,7.128600121,2020,ISR
14,Costa Rica,0.645017743,0.131266311,0.939635336,0.981107712,0.096362092,1.374853611,7.121399879,2020,CRI
15,Ireland,0.587779939,0.295426995,0.975670695,1.446886778,0.373433262,1.470596433,7.093699932,2020,IRL
16,Germany,0.564274132,0.252037704,0.972114801,1.314184546,0.309362292,1.368543744,7.075799942,2020,DEU
17,United States,0.534608245,0.298143059,0.831618011,1.37398684,0.152284741,1.404786706,6.939599991,2020,USA
18,Czech Republic,0.505744576,0.046325929,0.89456445,1.212322354,0.049803223,1.40528667,6.910900116,2020,CZE
19,Belgium,0.499805421,0.146966159,0.964901149,1.295842767,0.208724052,1.398677588,6.863500118,2020,BEL
20,United Arab Emirates,0.652936101,0.28065598,0.787814438,1.431086421,0.220213518,1.251170993,6.790800095,2020,ARE
21,Malta,0.633239031,0.341180831,0.972042024,1.252513289,0.178864077,1.442956924,6.772799969,2020,MLT
22,France,0.514050901,0.112607703,1.029714227,1.268129349,0.227303237,1.458839178,6.663799763,2020,FRA
23,Mexico,0.553892553,0.083094485,0.831601024,1.024387479,0.083133668,1.226333499,6.465000153,2020,MEX
24,Taiwan Province of China,0.449404389,0.150598705,0.878437996,1.327470541,0.131516352,1.357760668,6.45539999,2020,TWN
25,Uruguay,0.59426707,0.132143691,0.856928885,1.071000457,0.193425074,1.425081134,6.440100193,2020,URY
26,Saudi Arabia,0.548477471,0.087440684,0.759818137,1.334328532,0.163322315,1.309950113,6.406499863,2020,SAU
27,Spain,0.425983816,0.16530548,1.051343083,1.230535269,0.109579779,1.421099186,6.400899887,2020,ESP
28,Guatemala,0.613146722,0.170611665,0.705952585,0.753815711,0.0983603,1.174267054,6.398900032,2020,GTM
29,Italy,0.321305573,0.170266211,1.022504926,1.236396074,0.040145598,1.347296,6.38740015,2020,ITA
30,Singapore,0.635317206,0.218770906,1.137814283,1.519580126,0.533162236,1.39545691,6.377099991,2020,SGP
31,Brazil,0.483292729,0.131674588,0.766119063,0.952679873,0.106518604,1.363464117,6.375599861,2020,BRA
32,Slovenia,0.646700144,0.145701498,0.932548046,1.208652496,0.076516323,1.464677691,6.363399982,2020,SVN
33,El Salvador,0.524043918,0.1189363,0.752730012,0.748940408,0.117030352,1.149397612,6.34829998,2020,SLV
34,Kosovo,0.557280421,0.325286865,0.672709167,0.840481341,0.008559024,1.183962822,6.325200081,2020,XKX
35,Panama,0.57984978,0.097207308,0.878546536,1.097667813,0.054230526,1.376149297,6.304800034,2020,PAN
36,Slovakia,0.423542529,0.116729774,0.853465259,1.194837689,0.011291441,1.424331188,6.280600071,2020,SVK
37,Uzbekistan,0.693270326,0.363311023,0.716703713,0.696652949,0.280260265,1.434020042,6.257599831,2020,UZB
38,Chile,0.417482227,0.155579001,0.889260828,1.096992493,0.06284935,1.323286891,6.228499889,2020,CHL
39,Bahrain,0.610399902,0.287453711,0.838836372,1.296692252,0.126697257,1.31532371,6.227300167,2020,BHR
40,Lithuania,0.42046079,0.053691041,0.795421183,1.193559647,0.081350274,1.432865739,6.215499878,2020,LTU
41,Trinidad and Tobago,0.55293113,0.199358255,0.658828557,1.167641521,0.015078396,1.407326221,6.191899776,2020,TTO
42,Poland,0.557903528,0.063374244,0.868038476,1.16922915,0.160541251,1.310399771,6.186299801,2020,POL
43,Colombia,0.526890039,0.092374094,0.810020149,0.93220371,0.04584837,1.33445096,6.163400173,2020,COL
44,Cyprus,0.459385872,0.227932334,1.026124597,1.21279943,0.051207144,1.149170756,6.15899992,2020,CYP
45,Nicaragua,0.560117304,0.212871477,0.803093255,0.620033145,0.174084574,1.27081275,6.13710022,2020,NIC
46,Romania,0.534852326,0.068181619,0.79229486,1.120401621,0.000829569,1.1944381,6.123700142,2020,ROU
47,Kuwait,0.570261419,0.132751092,0.776468933,1.424833655,0.112814933,1.244779825,6.102099895,2020,KWT
48,Mauritius,0.590838134,0.186894551,0.763389409,1.07366395,0.084088229,1.395666838,6.101299763,2020,MUS
49,Kazakhstan,0.497432142,0.153713793,0.698788941,1.122594237,0.110463686,1.453267694,6.057899952,2020,KAZ
50,Estonia,0.576664805,0.125136748,0.842615008,1.192441225,0.201766819,1.453232527,6.021800041,2020,EST
51,Philippines,0.621915162,0.129260212,0.602189481,0.775120676,0.130385727,1.245381713,6.006000042,2020,PHL
52,Hungary,0.386401802,0.070491239,0.806793869,1.164307117,0.027548173,1.423009396,6.000400066,2020,HUN
53,Thailand,0.609449804,0.376709014,0.793855846,1.007029295,0.031837862,1.347519517,5.998799801,2020,THA
54,Argentina,0.520840347,0.070100471,0.849773705,1.028465629,0.060415059,1.372543693,5.974699974,2020,ARG
55,Honduras,0.568148077,0.256528199,0.791989982,0.598763585,0.086807102,1.186664104,5.953199863,2020,HND
56,Latvia,0.329198807,0.075407945,0.777902424,1.14139545,0.090391524,1.414398789,5.949999809,2020,LVA
57,Ecuador,0.555234551,0.115006477,0.838837743,0.853383601,0.086753383,1.221027613,5.925199986,2020,ECU
58,Portugal,0.589895189,0.053036947,0.979315281,1.168800831,0.027733466,1.339530349,5.910900116,2020,PRT
59,Jamaica,0.553124607,0.116268493,0.788434088,0.779058397,0.030147785,1.408289194,5.889800072,2020,JAM
60,South Korea,0.25935635,0.170303866,1.022542596,1.245300651,0.094596282,1.133560538,5.872399807,2020,KOR
61,Japan,0.495465875,0.03571178,1.072881341,1.26672411,0.181439638,1.332338691,5.870800018,2020,JPN
62,Peru,0.513210058,0.091611817,0.824444175,0.91854918,0.02703266,1.208405972,5.796800137,2020,PER
63,Serbia,0.395428419,0.15028289,0.828403294,0.988181829,0.059447147,1.327448964,5.77820015,2020,SRB
64,Bolivia,0.5744645,0.138375074,0.662445664,0.730976343,0.072942637,1.142350554,5.747499943,2020,BOL
65,Pakistan,0.405421734,0.228705063,0.469933242,0.616799474,0.122592121,0.872979581,5.69329977,2020,PAK
66,Paraguay,0.586510062,0.204299241,0.735869646,0.897990823,0.065077379,1.36819756,5.692100048,2020,PRY
67,Dominican Republic,0.5628739,0.112196781,0.741901696,0.983191848,0.115945682,1.328888893,5.689199924,2020,DOM
68,Bosnia and Herzegovina,0.305365741,0.264005244,0.813928187,0.91839546,0.001172487,1.203986526,5.674099922,2020,BIH
69,Moldova,0.389571488,0.174049184,0.713299453,0.707916796,0.014378744,1.237312198,5.607500076,2020,MDA
70,Tajikistan,0.521141171,0.182417125,0.680594802,0.474874616,0.221779913,1.218377709,5.555699825,2020,TJK
71,Montenegro,0.303223848,0.14901033,0.839028895,1.010150075,0.098435111,1.265657902,5.54610014,2020,MNE
72,Russia,0.399499595,0.099041916,0.68044591,1.126999617,0.045699362,1.378644109,5.546000004,2020,RUS
73,Kyrgyzstan,0.614617765,0.30137074,0.680645883,0.513180971,0.030466691,1.341036677,5.541500092,2020,KGZ
74,Belarus,0.290755868,0.08993306,0.75258857,1.018854499,0.193607435,1.38713932,5.539899826,2020,BLR
75,North Cyprus,0.477885723,0.199160054,1.026124597,1.21279943,0.199802905,1.183089137,5.53550005,2020,CYP
76,Greece,0.173516348,0.243720479,0.979431748,1.128070116,0.048844352,1.168973565,5.514999866,2020,GRC
77,Hong Kong S.A.R. of China,0.459356517,0.288280904,1.136630654,1.376746058,0.332485437,1.243584275,5.510399818,2020,HKG
78,Croatia,0.381456882,0.113998979,0.900575578,1.109024286,0.012325006,1.311264873,5.504700184,2020,HRV
79,Libya,0.451354057,0.142757699,0.615626633,1.021913767,0.172258079,1.196283698,5.488800049,2020,LBY
80,Mongolia,0.355703115,0.263885736,0.615788162,0.904872775,0.046533126,1.458930612,5.456200123,2020,MNG
81,Malaysia,0.596941531,0.274886161,0.788511872,1.168421626,0.062163133,1.17400229,5.384300232,2020,MYS
82,Vietnam,0.650835574,0.136488721,0.819133997,0.718092382,0.089848459,1.253074765,5.353499889,2020,VNM
83,Indonesia,0.568161428,0.542646527,0.610437036,0.891720712,0.038278613,1.154800892,5.285600185,2020,IDN
84,Ivory Coast,0.397122532,0.169915587,0.154942513,0.537094414,0.093495794,0.799727261,5.233300209,2020,CIV
85,Benin,0.40583989,0.196670428,0.328062952,0.366244704,0.125931874,0.352428436,5.21600008,2020,BEN
86,Maldives,0.548203647,0.224198252,0.914439559,0.937864304,0.071906492,1.402287602,5.197599888,2020,MDV
87,Congo (Brazzaville),0.386514395,0.117216013,0.458101124,0.633616745,0.118670784,0.757636011,5.194399834,2020,COG
88,Azerbaijan,0.467734724,0.040113214,0.731134057,0.990272701,0.247307181,1.180613041,5.164800167,2020,AZE
89,Macedonia,0.410224587,0.18586354,0.802994132,0.935371995,0.024595059,1.183173537,5.159800053,2020,MKD
90,Ghana,0.477290064,0.261291206,0.432162255,0.575862467,0.056570381,0.96636796,5.147999763,2020,GHA
91,Nepal,0.480608255,0.300971806,0.66887939,0.444050372,0.127502963,1.100789309,5.137199879,2020,NPL
92,Turkey,0.25440076,0.085885569,0.781335294,1.127169251,0.120983243,1.197159171,5.131800175,2020,TUR
93,China,0.601605117,0.079021044,0.867248535,0.990533412,0.117255554,1.132080674,5.123899937,2020,CHN
94,Turkmenistan,0.515236676,0.323129326,0.612448037,1.008963585,0.03350389,1.510476947,5.119100094,2020,TKM
95,Bulgaria,0.417820066,0.103833713,0.777776897,1.046554685,0.055444747,1.460578918,5.101500034,2020,BGR
96,Morocco,0.450054139,0.040032551,0.745096922,0.75862211,0.077385604,0.645208478,5.094799995,2020,MAR
97,Cameroon,0.439242482,0.198020101,0.270189553,0.503958046,0.054393422,0.89972645,5.084899902,2020,CMR
98,Venezuela,0.271717221,0.087179154,0.76702553,0.770238638,0.063624777,1.348546863,5.053199768,2020,VEN
99,Algeria,0.083943799,0.118915014,0.745418549,0.943856001,0.129190654,1.143003583,5.005099773,2020,DZA
100,Senegal,0.352400899,0.164397135,0.518391907,0.504061818,0.081865937,0.95459342,4.980800152,2020,SEN
101,Guinea,0.371878058,0.249490842,0.333655238,0.390007734,0.112204559,0.75136596,4.949299812,2020,GIN
102,Niger,0.435311615,0.208176896,0.298816353,0.108330332,0.137554765,0.703800142,4.909599781,2020,NER
103,Laos,0.612027287,0.27266711,0.486378282,0.714693844,0.194273964,0.987391889,4.888599873,2020,LAO
104,Albania,0.461945891,0.171027765,0.846329629,0.906653047,0.025361285,0.830483913,4.882699966,2020,ALB
105,Cambodia,0.674940348,0.233342081,0.587904334,0.544634938,0.072837502,1.071426034,4.848400116,2020,KHM
106,Bangladesh,0.604130566,0.176745117,0.694940507,0.556156278,0.176735908,0.868800581,4.832799911,2020,BGD
107,Gabon,0.369459897,0.052013602,0.522574842,0.988044381,0.055804539,1.10639751,4.829299927,2020,GAB
108,South Africa,0.43478182,0.126406848,0.407034069,0.902140439,0.05950214,1.259086251,4.814099789,2020,ZAF
109,Iraq,0.283588052,0.153002068,0.529350698,0.982018709,0.073164992,1.011466622,4.784800053,2020,IRQ
110,Lebanon,0.18551667,0.158524141,0.788671136,0.889232516,0.021518147,1.19249332,4.771500111,2020,LBN
111,Burkina Faso,0.322398156,0.186390609,0.312833875,0.302467644,0.126408055,0.9293859,4.768700123,2020,BFA
112,Gambia,0.403419524,0.425989687,0.353247881,0.256990552,0.158093795,0.882678688,4.750599861,2020,GMB
113,Mali,0.377534449,0.16966705,0.234981522,0.352462649,0.062146276,0.97314173,4.729300022,2020,MLI
114,Nigeria,0.435079455,0.221328124,0.167835936,0.645901859,0.047589935,0.986717939,4.724100113,2020,NGA
115,Armenia,0.378075808,0.107225738,0.77585727,0.808262408,0.104618184,1.034576893,4.676799774,2020,ARM
116,Georgia,0.485494107,0.047609735,0.694657624,0.847198069,0.174088076,0.7311939,4.672599792,2020,GEO
117,Iran,0.301195472,0.27697894,0.749053836,1.029322505,0.142651513,0.886271179,4.672399998,2020,IRN
118,Jordan,0.424855083,0.091494769,0.777624726,0.785179198,0.151878625,1.140118599,4.633399963,2020,JOR
119,Mozambique,0.56077534,0.220422104,0.324223638,0.178741366,0.163064316,0.955202878,4.623600006,2020,MOZ
120,Kenya,0.519180536,0.393902093,0.536312759,0.476413399,0.067201078,0.905077755,4.583000183,2020,KEN
121,Namibia,0.444598973,0.076454483,0.40687117,0.84008199,0.054320343,1.245738149,4.571100235,2020,NAM
122,Ukraine,0.319423705,0.178551316,0.698674381,0.780434608,0.00965116,1.321316481,4.56069994,2020,UKR
123,Liberia,0.405943096,0.226967871,0.392284274,0.174103007,0.051139876,0.920733929,4.557899952,2020,LBR
124,Palestinian Territories,0.29870075,0.091816261,0.613826573,0.587819219,0.071913652,1.194755554,4.552800179,2020,PSE
125,Uganda,0.401682556,0.264807373,0.378311664,0.312337428,0.063818842,1.052327394,4.43200016,2020,UGA
126,Chad,0.228601769,0.210805088,0.1087441,0.302287489,0.085755408,0.739118278,4.422699928,2020,TCD
127,Tunisia,0.235860556,0.055881143,0.781156719,0.874742687,0.043899573,0.872167706,4.392199993,2020,TUN
128,Mauritania,0.185714483,0.128899664,0.425184816,0.539684892,0.122257635,1.113323569,4.374599934,2020,MRT
129,Sri Lanka,0.528632462,0.252666146,0.792036712,0.897986948,0.049444564,1.19494009,4.327000141,2020,LKA
130,Congo (Kinshasa),0.36462298,0.254324883,0.277212054,0.062487468,0.081466645,0.833055019,4.31099987,2020,COD
131,Swaziland,0.299935788,0.067264833,0.215585828,0.827539742,0.146765873,1.064835191,4.308100224,2020,SWZ
132,Myanmar,0.597478867,0.569813728,0.495443076,0.67809093,0.187530354,1.098178267,4.308000088,2020,MMR
133,Comoros,0.181028232,0.258538276,0.437383324,0.415620774,0.100048535,0.723232806,4.288599968,2020,COM
134,Togo,0.303539038,0.200774252,0.342731178,0.268116266,0.114826456,0.547622859,4.187200069,2020,TGO
135,Ethiopia,0.41256687,0.227698103,0.483846247,0.315125644,0.117437035,1.001103282,4.186200142,2020,ETH
136,Madagascar,0.192967549,0.191190064,0.500617027,0.244553208,0.076248638,0.823694348,4.165599823,2020,MDG
137,Egypt,0.373684734,0.068801254,0.596911311,0.875228941,0.095461793,0.982539535,4.151400089,2020,EGY
138,Sierra Leone,0.382027686,0.257647008,0.203953966,0.240560383,0.047940936,0.747984946,3.926399946,2020,SLE
139,Burundi,0.275399059,0.187401786,0.295212835,0.388697073,0.212186828,0.403575271,3.775300026,2020,BDI
140,Zambia,0.49131754,0.250620902,0.36359334,0.536833763,0.086705238,0.896037281,3.759399891,2020,ZMB
141,Haiti,0.169297516,0.463909656,0.37436673,0.284734428,0.161935672,0.646671355,3.720799923,2020,HTI
142,Lesotho,0.409367532,0.102627642,0.100934811,0.45493874,0.050483823,1.088940024,3.652800083,2020,LSO
143,India,0.581142247,0.237072483,0.54057014,0.730576158,0.105587982,0.644198656,3.573299885,2020,IND
144,Malawi,0.487389833,0.213185057,0.446163297,0.176534727,0.131633952,0.53036809,3.538000107,2020,MWI
145,Yemen,0.243721485,0.094689012,0.41500017,0.392701775,0.087352127,1.177477121,3.527400017,2020,YEM
146,Botswana,0.50908941,0.033407487,0.494101733,0.997548997,0.101786368,1.08569479,3.478899956,2020,BWA
147,Tanzania,0.509343088,0.27154091,0.442677855,0.457163125,0.203880861,0.872674644,3.476200104,2020,TZA
148,Central African Republic,0.292814463,0.253513217,0.50753057,0.041072082,0.028264718,0.697775483,3.475899935,2020,CAF
149,Rwanda,0.604087889,0.235704988,0.572383285,0.343242675,0.485542476,0.522876322,3.312299967,2020,RWA
150,Zimbabwe,0.37740472,0.151349187,0.375037611,0.425564021,0.080928579,1.047835231,3.299200058,2020,ZWE
151,South Sudan,0.065609254,0.209934607,0.208809033,0.289082974,0.111156799,0.553278506,2.816600084,2020,SSD
152,Afghanistan,0.33080462699999996,0.135234714,0.266051531,0.30070585,0.001225785,0.356433839,2.566900015,2020,AFG
0,Finland,0.596,0.153,0.986,1.34,0.393,1.587,7.769,2019,FIN
1,Denmark,0.592,0.252,0.996,1.383,0.41,1.573,7.6,2019,DNK
2,Norway,0.603,0.271,1.028,1.488,0.341,1.582,7.554,2019,NOR
3,Iceland,0.591,0.354,1.026,1.38,0.118,1.624,7.494,2019,ISL
4,Netherlands,0.557,0.322,0.999,1.396,0.298,1.522,7.488,2019,NLD
5,Switzerland,0.572,0.263,1.052,1.452,0.343,1.526,7.48,2019,CHE
6,Sweden,0.574,0.267,1.009,1.387,0.373,1.487,7.343,2019,SWE
7,New Zealand,0.585,0.33,1.026,1.303,0.38,1.557,7.307,2019,NZL
8,Canada,0.584,0.285,1.039,1.365,0.308,1.505,7.278,2019,CAN
9,Austria,0.532,0.244,1.016,1.376,0.226,1.475,7.246,2019,AUT
10,Australia,0.557,0.332,1.036,1.372,0.29,1.548,7.228,2019,AUS
11,Costa Rica,0.558,0.144,0.963,1.034,0.093,1.441,7.167,2019,CRI
12,Israel,0.371,0.261,1.029,1.276,0.082,1.455,7.139,2019,ISR
13,Luxembourg,0.526,0.194,1.012,1.609,0.316,1.479,7.09,2019,LUX
14,United Kingdom,0.45,0.348,0.996,1.333,0.278,1.538,7.054,2019,GBR
15,Ireland,0.516,0.298,0.999,1.499,0.31,1.553,7.021,2019,IRL
16,Germany,0.495,0.261,0.987,1.373,0.265,1.454,6.985,2019,DEU
17,Belgium,0.473,0.16,0.986,1.356,0.21,1.504,6.923,2019,BEL
18,United States,0.454,0.28,0.874,1.433,0.128,1.457,6.892,2019,USA
19,Czech Republic,0.457,0.046,0.92,1.269,0.036,1.487,6.852,2019,CZE
20,United Arab Emirates,0.598,0.262,0.825,1.503,0.182,1.31,6.825,2019,ARE
21,Malta,0.564,0.375,0.999,1.3,0.151,1.52,6.726,2019,MLT
22,Mexico,0.433,0.074,0.861,1.07,0.073,1.323,6.595,2019,MEX
23,France,0.436,0.111,1.045,1.324,0.183,1.472,6.592,2019,FRA
24,Taiwan,0.351,0.242,0.914,1.368,0.097,1.43,6.446,2019,TWN
25,Chile,0.357,0.187,0.92,1.159,0.056,1.369,6.444,2019,CHL
26,Guatemala,0.535,0.175,0.746,0.8,0.078,1.269,6.436,2019,GTM
27,Saudi Arabia,0.439,0.08,0.795,1.403,0.132,1.357,6.375,2019,SAU
28,Qatar,0.555,0.22,0.871,1.684,0.167,1.313,6.374,2019,QAT
29,Spain,0.362,0.153,1.062,1.286,0.079,1.484,6.354,2019,ESP
30,Panama,0.516,0.109,0.91,1.149,0.054,1.442,6.321,2019,PAN
31,Brazil,0.39,0.099,0.802,1.004,0.086,1.439,6.3,2019,BRA
32,Uruguay,0.523,0.127,0.891,1.124,0.15,1.465,6.293,2019,URY
33,Singapore,0.556,0.271,1.141,1.572,0.453,1.463,6.262,2019,SGP
34,El Salvador,0.43,0.093,0.789,0.794,0.074,1.242,6.253,2019,SLV
35,Italy,0.231,0.158,1.039,1.294,0.03,1.488,6.223,2019,ITA
36,Bahrain,0.536,0.255,0.871,1.362,0.11,1.368,6.199,2019,BHR
37,Slovakia,0.334,0.121,0.881,1.246,0.014,1.504,6.198,2019,SVK
38,Trinidad & Tobago,0.489,0.185,0.713,1.231,0.016,1.477,6.192,2019,TTO
39,Poland,0.483,0.117,0.884,1.206,0.05,1.438,6.182,2019,POL
40,Uzbekistan,0.631,0.322,0.756,0.745,0.24,1.529,6.174,2019,UZB
41,Lithuania,0.291,0.043,0.818,1.238,0.042,1.515,6.149,2019,LTU
42,Colombia,0.47,0.099,0.841,0.985,0.034,1.41,6.125,2019,COL
43,Slovenia,0.564,0.144,0.953,1.258,0.057,1.523,6.118,2019,SVN
44,Nicaragua,0.435,0.2,0.835,0.694,0.127,1.325,6.105,2019,NIC
45,Kosovo,0.489,0.262,0.758,0.882,0.006,1.232,6.1,2019,XKX
46,Argentina,0.471,0.066,0.881,1.092,0.05,1.432,6.086,2019,ARG
47,Romania,0.462,0.083,0.825,1.162,0.005,1.232,6.07,2019,ROU
48,Cyprus,0.406,0.19,1.042,1.263,0.041,1.223,6.046,2019,CYP
49,Ecuador,0.498,0.126,0.868,0.912,0.087,1.312,6.028,2019,ECU
50,Kuwait,0.493,0.142,0.808,1.5,0.097,1.319,6.021,2019,KWT
51,Thailand,0.557,0.359,0.828,1.05,0.028,1.409,6.008,2019,THA
52,Latvia,0.264,0.075,0.812,1.187,0.064,1.465,5.94,2019,LVA
53,South Korea,0.159,0.175,1.036,1.301,0.056,1.219,5.895,2019,KOR
54,Estonia,0.495,0.103,0.874,1.237,0.161,1.528,5.893,2019,EST
55,Jamaica,0.49,0.107,0.831,0.831,0.028,1.478,5.89,2019,JAM
56,Mauritius,0.498,0.215,0.798,1.12,0.06,1.402,5.888,2019,MUS
57,Japan,0.445,0.069,1.088,1.327,0.14,1.419,5.886,2019,JPN
58,Honduras,0.507,0.246,0.828,0.642,0.078,1.236,5.86,2019,HND
59,Kazakhstan,0.41,0.146,0.729,1.173,0.096,1.508,5.809,2019,KAZ
60,Bolivia,0.511,0.137,0.706,0.776,0.064,1.209,5.779,2019,BOL
61,Hungary,0.199,0.081,0.828,1.201,0.02,1.41,5.758,2019,HUN
62,Paraguay,0.514,0.184,0.777,0.855,0.08,1.475,5.743,2019,PRY
63,Northern Cyprus,0.417,0.191,1.042,1.263,0.162,1.252,5.718,2019,CYP
64,Peru,0.455,0.083,0.854,0.96,0.027,1.274,5.697,2019,PER
65,Portugal,0.508,0.047,0.999,1.221,0.025,1.431,5.693,2019,PRT
66,Pakistan,0.313,0.22,0.535,0.677,0.098,0.886,5.653,2019,PAK
67,Russia,0.334,0.082,0.726,1.183,0.031,1.452,5.648,2019,RUS
68,Philippines,0.558,0.117,0.657,0.807,0.107,1.293,5.631,2019,PHL
69,Serbia,0.282,0.137,0.854,1.004,0.039,1.383,5.603,2019,SRB
70,Moldova,0.245,0.181,0.739,0.685,0.0955,1.328,5.529,2019,MDA
71,Libya,0.416,0.133,0.673,1.044,0.152,1.303,5.525,2019,LBY
72,Montenegro,0.197,0.142,0.871,1.051,0.08,1.361,5.523,2019,MNE
73,Tajikistan,0.389,0.23,0.718,0.493,0.144,1.098,5.467,2019,TJK
74,Croatia,0.296,0.119,0.914,1.155,0.022,1.266,5.432,2019,HRV
75,Hong Kong,0.44,0.258,1.122,1.438,0.287,1.277,5.43,2019,HKG
76,Dominican Republic,0.497,0.113,0.779,1.015,0.101,1.401,5.425,2019,DOM
77,Bosnia and Herzegovina,0.212,0.263,0.845,0.945,0.006,1.212,5.386,2019,BIH
78,Turkey,0.195,0.083,0.808,1.183,0.106,1.36,5.373,2019,TUR
79,Malaysia,0.508,0.26,0.828,1.221,0.024,1.171,5.339,2019,MYS
80,Belarus,0.235,0.094,0.789,1.067,0.142,1.465,5.323,2019,BLR
81,Greece,0.067,0.16449999999999998,0.999,1.181,0.034,1.156,5.287,2019,GRC
82,Mongolia,0.317,0.235,0.667,0.948,0.038,1.531,5.285,2019,MNG
83,North Macedonia,0.345,0.185,0.838,0.983,0.034,1.294,5.274,2019,MKD
84,Nigeria,0.426,0.215,0.245,0.696,0.041,1.111,5.265,2019,NGA
85,Kyrgyzstan,0.508,0.3,0.723,0.551,0.023,1.438,5.261,2019,KGZ
86,Turkmenistan,0.394,0.244,0.657,1.052,0.028,1.538,5.247,2019,TKM
87,Algeria,0.086,0.073,0.785,1.002,0.114,1.16,5.211,2019,DZA
88,Morocco,0.418,0.036,0.782,0.801,0.076,0.782,5.208,2019,MAR
89,Azerbaijan,0.351,0.035,0.769,1.043,0.182,1.147,5.208,2019,AZE
90,Lebanon,0.216,0.166,0.815,0.987,0.027,1.224,5.197,2019,LBN
91,Indonesia,0.491,0.498,0.66,0.931,0.028,1.203,5.192,2019,IDN
92,China,0.521,0.058,0.893,1.029,0.1,1.125,5.191,2019,CHN
93,Vietnam,0.543,0.147,0.851,0.741,0.073,1.346,5.175,2019,VNM
94,Bhutan,0.457,0.37,0.604,0.813,0.167,1.321,5.082,2019,BTN
95,Cameroon,0.381,0.187,0.331,0.549,0.037,0.91,5.044,2019,CMR
96,Bulgaria,0.311,0.081,0.815,1.092,0.004,1.513,5.011,2019,BGR
97,Ghana,0.381,0.245,0.486,0.611,0.04,0.868,4.996,2019,GHA
98,Ivory Coast,0.352,0.154,0.232,0.569,0.09,0.808,4.944,2019,CIV
99,Nepal,0.439,0.285,0.677,0.446,0.089,1.226,4.913,2019,NPL
100,Jordan,0.383,0.11,0.815,0.837,0.13,1.225,4.906,2019,JOR
101,Benin,0.349,0.175,0.397,0.393,0.082,0.437,4.883,2019,BEN
102,Congo (Brazzaville),0.372,0.105,0.508,0.673,0.093,0.799,4.812,2019,COG
103,Gabon,0.295,0.043,0.571,1.057,0.055,1.183,4.799,2019,GAB
104,Laos,0.547,0.266,0.551,0.764,0.164,1.03,4.796,2019,LAO
105,South Africa,0.389,0.13,0.469,0.96,0.055,1.351,4.722,2019,ZAF
106,Albania,0.383,0.178,0.874,0.947,0.027,0.848,4.719,2019,ALB
107,Venezuela,0.154,0.064,0.805,0.96,0.047,1.427,4.707,2019,VEN
108,Cambodia,0.609,0.232,0.637,0.574,0.062,1.122,4.7,2019,KHM
109,Palestinian Territories,0.225,0.103,0.672,0.657,0.066,1.247,4.696,2019,PSE
110,Senegal,0.292,0.153,0.571,0.45,0.072,1.134,4.681,2019,SEN
111,Somalia,0.559,0.243,0.268,0.6645,0.27,0.698,4.668,2019,SOM
112,Namibia,0.401,0.07,0.477,0.879,0.056,1.313,4.639,2019,NAM
113,Niger,0.318,0.188,0.366,0.138,0.102,0.774,4.628,2019,NER
114,Burkina Faso,0.255,0.177,0.38,0.331,0.113,1.056,4.587,2019,BFA
115,Armenia,0.283,0.095,0.815,0.85,0.064,1.055,4.559,2019,ARM
116,Iran,0.305,0.27,0.785,1.1,0.125,0.842,4.548,2019,IRN
117,Guinea,0.332,0.207,0.375,0.38,0.086,0.829,4.534,2019,GIN
118,Georgia,0.346,0.043,0.752,0.886,0.164,0.666,4.519,2019,GEO
119,Gambia,0.382,0.269,0.428,0.308,0.167,0.939,4.516,2019,GMB
120,Kenya,0.431,0.372,0.581,0.512,0.053,0.983,4.509,2019,KEN
121,Mauritania,0.066,0.106,0.489,0.57,0.088,1.167,4.49,2019,MRT
122,Mozambique,0.494,0.197,0.39,0.204,0.138,0.986,4.466,2019,MOZ
123,Tunisia,0.167,0.059,0.815,0.921,0.055,1.0,4.461,2019,TUN
124,Bangladesh,0.527,0.166,0.723,0.562,0.143,0.928,4.456,2019,BGD
125,Iraq,0.241,0.148,0.574,1.043,0.089,0.98,4.437,2019,IRQ
126,Congo (Kinshasa),0.269,0.212,0.357,0.094,0.053,1.125,4.418,2019,COD
127,Mali,0.327,0.153,0.308,0.385,0.052,1.105,4.39,2019,MLI
128,Sierra Leone,0.309,0.252,0.242,0.268,0.045,0.841,4.374,2019,SLE
129,Sri Lanka,0.47,0.244,0.831,0.949,0.047,1.265,4.366,2019,LKA
130,Myanmar,0.525,0.566,0.555,0.71,0.172,1.181,4.36,2019,MMR
131,Chad,0.174,0.198,0.192,0.35,0.078,0.766,4.35,2019,TCD
132,Ukraine,0.178,0.187,0.739,0.82,0.01,1.39,4.332,2019,UKR
133,Ethiopia,0.344,0.209,0.532,0.336,0.1,1.033,4.286,2019,ETH
134,Swaziland,0.313,0.074,0.48750000000000004,0.811,0.135,1.149,4.212,2019,SWZ
135,Uganda,0.356,0.252,0.443,0.332,0.06,1.069,4.189,2019,UGA
136,Egypt,0.241,0.076,0.644,0.913,0.067,1.039,4.166,2019,EGY
137,Zambia,0.431,0.247,0.426,0.578,0.087,1.058,4.107,2019,ZMB
138,Togo,0.293,0.177,0.41,0.275,0.085,0.572,4.085,2019,TGO
139,India,0.498,0.2,0.588,0.755,0.085,0.765,4.015,2019,IND
140,Liberia,0.37,0.233,0.443,0.073,0.033,0.922,3.975,2019,LBR
141,Comoros,0.142,0.275,0.505,0.274,0.078,0.757,3.973,2019,COM
142,Madagascar,0.148,0.169,0.555,0.274,0.041,0.916,3.933,2019,MDG
143,Lesotho,0.359,0.107,0.168,0.489,0.093,1.169,3.802,2019,LSO
144,Burundi,0.22,0.176,0.38,0.046,0.18,0.447,3.775,2019,BDI
145,Zimbabwe,0.361,0.151,0.433,0.366,0.089,1.114,3.663,2019,ZWE
146,Haiti,0.026,0.419,0.449,0.323,0.11,0.688,3.597,2019,HTI
147,Botswana,0.455,0.025,0.538,1.041,0.1,1.145,3.488,2019,BWA
148,Syria,0.013,0.331,0.44,0.619,0.141,0.378,3.462,2019,SYR
149,Malawi,0.443,0.218,0.495,0.191,0.089,0.56,3.41,2019,MWI
150,Yemen,0.143,0.108,0.463,0.287,0.077,1.163,3.38,2019,YEM
151,Rwanda,0.555,0.217,0.614,0.359,0.411,0.711,3.334,2019,RWA
152,Tanzania,0.417,0.276,0.499,0.476,0.147,0.885,3.231,2019,TZA
153,Afghanistan,0.321,0.158,0.361,0.35,0.025,0.517,3.203,2019,AFG
154,Central African Republic,0.225,0.235,0.105,0.026,0.035,0.546,3.083,2019,CAF
155,South Sudan,0.01,0.202,0.295,0.306,0.091,0.575,2.853,2019,SSD
0,Finland,0.681,0.202,0.874,1.305,0.393,1.592,7.632,2018,FIN
1,Norway,0.686,0.286,0.861,1.456,0.34,1.582,7.594,2018,NOR
2,Denmark,0.683,0.284,0.868,1.351,0.408,1.59,7.555,2018,DNK
3,Iceland,0.677,0.353,0.914,1.343,0.138,1.644,7.495,2018,ISL
4,Switzerland,0.66,0.256,0.927,1.42,0.357,1.549,7.487,2018,CHE
5,Netherlands,0.638,0.333,0.878,1.361,0.295,1.488,7.441,2018,NLD
6,Canada,0.653,0.321,0.896,1.33,0.291,1.532,7.328,2018,CAN
7,New Zealand,0.669,0.365,0.876,1.268,0.389,1.601,7.324,2018,NZL
8,Sweden,0.659,0.285,0.913,1.355,0.383,1.501,7.314,2018,SWE
9,Australia,0.647,0.361,0.91,1.34,0.302,1.573,7.272,2018,AUS
10,United Kingdom,0.464,0.262,0.888,1.244,0.082,1.433,7.19,2018,GBR
11,Austria,0.617,0.242,0.891,1.341,0.224,1.504,7.139,2018,AUT
12,Costa Rica,0.632,0.143,0.817,1.01,0.101,1.459,7.072,2018,CRI
13,Ireland,0.614,0.307,0.876,1.448,0.306,1.583,6.977,2018,IRL
14,Germany,0.586,0.273,0.861,1.34,0.28,1.474,6.965,2018,DEU
15,Belgium,0.583,0.188,0.894,1.324,0.24,1.483,6.927,2018,BEL
16,Luxembourg,0.632,0.196,0.896,1.576,0.321,1.52,6.91,2018,LUX
17,United States,0.547,0.291,0.819,1.398,0.133,1.471,6.886,2018,USA
18,Israel,0.533,0.354,0.883,1.301,0.272,1.559,6.814,2018,ISR
19,United Arab Emirates,0.284,0.186,0.67,2.096,0.15300000000000002,0.776,6.774,2018,ARE
20,Czech Republic,0.543,0.064,0.854,1.233,0.034,1.489,6.711,2018,CZE
21,Malta,0.645,0.376,0.884,1.27,0.142,1.525,6.627,2018,MLT
22,France,0.52,0.098,0.908,1.293,0.176,1.466,6.489,2018,FRA
23,Mexico,0.479,0.069,0.761,1.038,0.095,1.252,6.488,2018,MEX
24,Chile,0.431,0.197,0.808,1.131,0.061,1.331,6.476,2018,CHL
25,Taiwan,0.418,0.151,0.857,1.365,0.078,1.436,6.441,2018,TWN
26,Panama,0.597,0.125,0.759,1.112,0.063,1.438,6.43,2018,PAN
27,Brazil,0.493,0.11,0.675,0.986,0.088,1.474,6.419,2018,BRA
28,Argentina,0.57,0.062,0.744,1.073,0.054,1.468,6.388,2018,ARG
29,Guatemala,0.604,0.179,0.608,0.781,0.071,1.268,6.382,2018,GTM
30,Uruguay,0.625,0.13,0.771,1.093,0.155,1.459,6.379,2018,URY
31,Qatar,0.654,0.256,0.748,1.649,0.171,1.303,6.374,2018,QAT
32,Saudi Arabia,0.509,0.098,0.633,1.379,0.127,1.331,6.371,2018,SAU
33,Singapore,0.631,0.261,1.008,1.529,0.457,1.451,6.343,2018,SGP
34,Malaysia,0.356,0.311,0.669,1.161,0.059,1.258,6.322,2018,MYS
35,Spain,0.449,0.142,0.965,1.251,0.074,1.538,6.31,2018,ESP
36,Colombia,0.531,0.099,0.635,0.96,0.039,1.439,6.26,2018,COL
37,Trinidad & Tobago,0.575,0.171,0.564,1.223,0.019,1.492,6.192,2018,TTO
38,Slovakia,0.354,0.118,0.776,1.21,0.014,1.537,6.173,2018,SVK
39,El Salvador,0.461,0.065,0.639,0.806,0.082,1.231,6.167,2018,SLV
40,Nicaragua,0.527,0.208,0.7,0.668,0.128,1.319,6.141,2018,NIC
41,Poland,0.546,0.108,0.781,1.176,0.064,1.448,6.123,2018,POL
42,Bahrain,0.594,0.243,0.698,1.338,0.123,1.366,6.105,2018,BHR
43,Uzbekistan,0.724,0.328,0.605,0.719,0.259,1.584,6.096,2018,UZB
44,Kuwait,0.554,0.167,0.675,1.474,0.106,1.301,6.083,2018,KWT
45,Thailand,0.637,0.364,0.707,1.016,0.029,1.417,6.072,2018,THA
46,Italy,0.281,0.137,0.946,1.264,0.028,1.501,6.0,2018,ITA
47,Ecuador,0.556,0.114,0.736,0.889,0.12,1.33,5.973,2018,ECU
48,Belize,0.593,0.183,0.474,0.807,0.089,1.101,5.956,2018,BLZ
49,Lithuania,0.35,0.026,0.716,1.197,0.006,1.527,5.952,2018,LTU
50,Slovenia,0.633,0.16,0.856,1.219,0.051,1.506,5.948,2018,SVN
51,Romania,0.528,0.088,0.726,1.116,0.001,1.219,5.945,2018,ROU
52,Latvia,0.363,0.092,0.671,1.148,0.066,1.454,5.933,2018,LVA
53,Japan,0.553,0.079,0.988,1.294,0.15,1.462,5.915,2018,JPN
54,Mauritius,0.584,0.245,0.684,1.09,0.05,1.387,5.891,2018,MUS
55,Jamaica,0.575,0.096,0.693,0.819,0.031,1.493,5.89,2018,JAM
56,South Korea,0.244,0.175,0.955,1.266,0.051,1.204,5.875,2018,KOR
57,Northern Cyprus,0.495,0.179,0.909,1.229,0.154,1.211,5.835,2018,CYP
58,Russia,0.399,0.065,0.599,1.151,0.025,1.479,5.81,2018,RUS
59,Kazakhstan,0.454,0.148,0.631,1.143,0.121,1.516,5.79,2018,KAZ
60,Cyprus,0.423,0.202,0.909,1.229,0.035,1.191,5.762,2018,CYP
61,Bolivia,0.606,0.141,0.508,0.751,0.054,1.223,5.752,2018,BOL
62,Estonia,0.553,0.086,0.737,1.2,0.174,1.532,5.739,2018,EST
63,Paraguay,0.541,0.162,0.615,0.835,0.074,1.522,5.681,2018,PRY
64,Peru,0.53,0.092,0.674,0.934,0.034,1.249,5.663,2018,PER
65,Kosovo,0.448,0.274,0.578,0.855,0.023,1.23,5.662,2018,XKX
66,Moldova,0.232,0.171,0.62,0.657,0.03,1.301,5.64,2018,MDA
67,Turkmenistan,0.417,0.199,0.517,1.016,0.037,1.533,5.636,2018,TKM
68,Hungary,0.259,0.061,0.732,1.171,0.022,1.401,5.62,2018,HUN
69,Libya,0.496,0.116,0.553,0.985,0.148,1.35,5.566,2018,LBY
70,Philippines,0.643,0.12,0.513,0.775,0.105,1.312,5.524,2018,PHL
71,Honduras,0.459,0.197,0.622,0.62,0.074,1.205,5.504,2018,HND
72,Belarus,0.307,0.101,0.7,1.039,0.154,1.498,5.483,2018,BLR
73,Turkey,0.324,0.106,0.686,1.148,0.109,1.38,5.483,2018,TUR
74,Pakistan,0.334,0.216,0.424,0.652,0.113,0.81,5.472,2018,PAK
75,Hong Kong,0.524,0.246,1.03,1.405,0.291,1.29,5.43,2018,HKG
76,Portugal,0.562,0.055,0.884,1.188,0.017,1.429,5.41,2018,PRT
77,Serbia,0.288,0.134,0.685,0.975,0.043,1.369,5.398,2018,SRB
78,Greece,0.131,0.174,0.879,1.154,0.044,1.202,5.358,2018,GRC
79,Lebanon,0.503,0.214,0.785,0.965,0.136,1.179,5.358,2018,LBN
80,Montenegro,0.259,0.111,0.729,1.017,0.081,1.279,5.347,2018,MNE
81,Croatia,0.38,0.12,0.737,1.115,0.039,1.161,5.321,2018,HRV
82,Dominican Republic,0.578,0.12,0.614,0.982,0.106,1.441,5.302,2018,DOM
83,Algeria,0.077,0.055,0.687,0.979,0.135,1.154,5.295,2018,DZA
84,Morocco,0.46,0.026,0.669,0.779,0.074,0.797,5.254,2018,MAR
85,China,0.597,0.029,0.799,0.989,0.103,1.142,5.246,2018,CHN
86,Azerbaijan,0.43,0.031,0.603,1.024,0.176,1.161,5.201,2018,AZE
87,Tajikistan,0.292,0.187,0.598,0.474,0.034,1.166,5.199,2018,TJK
88,Macedonia,0.394,0.173,0.691,0.959,0.052,1.239,5.185,2018,MKD
89,Jordan,0.468,0.13,0.645,0.822,0.134,1.265,5.161,2018,JOR
90,Nigeria,0.462,0.201,0.048,0.689,0.032,1.172,5.155,2018,NGA
91,Kyrgyzstan,0.54,0.281,0.594,0.53,0.035,1.416,5.131,2018,KGZ
92,Bosnia and Herzegovina,0.28,0.216,0.758,0.915,0.0335,1.078,5.129,2018,BIH
93,Mongolia,0.395,0.253,0.575,0.914,0.032,1.517,5.125,2018,MNG
94,Vietnam,0.618,0.177,0.702,0.715,0.079,1.365,5.103,2018,VNM
95,Indonesia,0.538,0.484,0.522,0.899,0.018,1.215,5.093,2018,IDN
96,Bhutan,0.541,0.364,0.527,0.796,0.171,1.335,5.082,2018,BTN
97,Somalia,0.674,0.238,0.115,0.6655,0.282,0.712,4.982,2018,SOM
98,Cameroon,0.454,0.183,0.182,0.535,0.043,0.891,4.975,2018,CMR
99,Bulgaria,0.359,0.064,0.712,1.054,0.009,1.515,4.933,2018,BGR
100,Nepal,0.526,0.302,0.539,0.425,0.078,1.228,4.88,2018,NPL
101,Venezuela,0.133,0.056,0.657,0.996,0.052,1.469,4.806,2018,VEN
102,Gabon,0.356,0.032,0.404,1.036,0.052,1.164,4.758,2018,GAB
103,Palestinian Territories,0.266,0.086,0.602,0.642,0.076,1.217,4.743,2018,PSE
104,South Africa,0.516,0.103,0.33,0.94,0.056,1.41,4.724,2018,ZAF
105,Iran,0.459,0.282,0.691,1.059,0.129,0.771,4.707,2018,IRN
106,Ivory Coast,0.467,0.146,0.08,0.541,0.103,0.872,4.671,2018,CIV
107,Ghana,0.499,0.212,0.337,0.592,0.029,0.896,4.657,2018,GHA
108,Senegal,0.406,0.138,0.433,0.429,0.082,1.117,4.631,2018,SEN
109,Laos,0.626,0.23,0.441,0.72,0.174,1.034,4.623,2018,LAO
110,Tunisia,0.271,0.04,0.69,0.9,0.063,0.906,4.592,2018,TUN
111,Albania,0.419,0.149,0.79,0.916,0.032,0.817,4.586,2018,ALB
112,Sierra Leone,0.355,0.238,0.5665,0.256,0.053,0.813,4.571,2018,SLE
113,Congo (Brazzaville),0.514,0.091,0.343,0.682,0.077,0.811,4.559,2018,COG
114,Bangladesh,0.58,0.153,0.579,0.532,0.144,0.85,4.5,2018,BGD
115,Sri Lanka,0.585,0.307,0.672,0.918,0.05,1.314,4.471,2018,LKA
116,Iraq,0.304,0.148,0.536,1.01,0.095,0.971,4.456,2018,IRQ
117,Mali,0.367,0.139,0.152,0.37,0.056,1.233,4.447,2018,MLI
118,Namibia,0.519,0.051,0.365,0.874,0.064,1.281,4.441,2018,NAM
119,Cambodia,0.696,0.256,0.457,0.549,0.065,1.088,4.433,2018,KHM
120,Burkina Faso,0.312,0.175,0.254,0.314,0.128,1.097,4.424,2018,BFA
121,Egypt,0.312,0.092,0.553,0.885,0.107,1.025,4.419,2018,EGY
122,Mozambique,0.531,0.206,0.173,0.198,0.158,0.902,4.417,2018,MOZ
123,Kenya,0.504,0.352,0.454,0.493,0.055,1.048,4.41,2018,KEN
124,Zambia,0.503,0.221,0.295,0.562,0.082,1.047,4.377,2018,ZMB
125,Mauritania,0.129,0.134,0.292,0.557,0.093,1.245,4.356,2018,MRT
126,Ethiopia,0.452,0.22,0.391,0.308,0.146,0.95,4.35,2018,ETH
127,Georgia,0.375,0.038,0.643,0.853,0.215,0.592,4.34,2018,GEO
128,Armenia,0.26,0.077,0.666,0.816,0.028,0.99,4.321,2018,ARM
129,Myanmar,0.58,0.598,0.429,0.682,0.178,1.174,4.308,2018,MMR
130,Chad,0.189,0.181,0.053,0.358,0.06,0.907,4.301,2018,TCD
131,Congo (Kinshasa),0.312,0.197,0.204,0.069,0.052,1.136,4.245,2018,COD
132,India,0.539,0.172,0.485,0.721,0.093,0.747,4.19,2018,IND
133,Niger,0.39,0.175,0.221,0.131,0.099,0.867,4.166,2018,NER
134,Uganda,0.45,0.259,0.237,0.322,0.061,1.09,4.161,2018,UGA
135,Benin,0.44,0.163,0.24,0.378,0.067,0.372,4.141,2018,BEN
136,Sudan,0.016,0.134,0.312,0.605,0.082,1.24,4.139,2018,SDN
137,Ukraine,0.163,0.187,0.609,0.793,0.011,1.413,4.103,2018,UKR
138,Togo,0.434,0.158,0.253,0.259,0.101,0.474,3.999,2018,TGO
139,Guinea,0.394,0.185,0.211,0.344,0.094,0.792,3.964,2018,GIN
140,Lesotho,0.423,0.116,0.079,0.472,0.112,1.215,3.808,2018,LSO
141,Angola,0.322,0.079,0.269,0.73,0.061,1.125,3.795,2018,AGO
142,Madagascar,0.221,0.155,0.402,0.262,0.049,0.908,3.774,2018,MDG
143,Zimbabwe,0.406,0.132,0.248,0.357,0.099,1.094,3.692,2018,ZWE
144,Afghanistan,0.085,0.191,0.255,0.332,0.036,0.537,3.632,2018,AFG
145,Botswana,0.557,0.042,0.417,1.017,0.092,1.174,3.59,2018,BWA
146,Malawi,0.531,0.21,0.306,0.186,0.08,0.541,3.587,2018,MWI
147,Haiti,0.025,0.392,0.289,0.315,0.104,0.714,3.582,2018,HTI
148,Liberia,0.419,0.206,0.267,0.076,0.03,0.858,3.495,2018,LBR
149,Syria,0.088,0.376,0.539,0.689,0.144,0.382,3.462,2018,SYR
150,Rwanda,0.636,0.2,0.4,0.332,0.444,0.896,3.408,2018,RWA
151,Yemen,0.244,0.083,0.343,0.442,0.064,1.073,3.355,2018,YEM
152,Tanzania,0.481,0.27,0.381,0.455,0.097,0.991,3.303,2018,TZA
153,South Sudan,0.112,0.224,0.177,0.337,0.106,0.608,3.254,2018,SSD
154,Central African Republic,0.305,0.218,0.01,0.024,0.038,0.6174999999999999,3.083,2018,CAF
155,Burundi,0.065,0.149,0.145,0.091,0.076,0.627,2.905,2018,BDI
0,Norway,0.635422587394714,0.36201223731041,0.796666502952576,1.61646318435669,0.315963834524155,1.53352355957031,7.53700017929077,2017,NOR
1,Denmark,0.626006722450256,0.355280488729477,0.792565524578094,1.48238301277161,0.40077006816864,1.55112159252167,7.52199983596802,2017,DNK
2,Iceland,0.627162635326385,0.475540220737457,0.833552122116089,1.480633020401,0.153526559472084,1.6105740070343,7.50400018692017,2017,ISL
3,Switzerland,0.620070576667786,0.290549278259277,0.858131289482117,1.56497955322266,0.367007285356522,1.51691174507141,7.49399995803833,2017,CHE
4,Finland,0.617950856685638,0.24548277258873,0.80915766954422,1.44357192516327,0.38261154294014,1.5402467250824,7.4689998626709,2017,FIN
5,Netherlands,0.585384488105774,0.470489829778671,0.810696125030518,1.50394463539124,0.282661825418472,1.42893922328949,7.3769998550415,2017,NLD
6,Canada,0.611100912094116,0.435539722442627,0.83455765247345,1.47920441627502,0.287371516227722,1.48134899139404,7.31599998474121,2017,CAN
7,New Zealand,0.614062130451202,0.500005125999451,0.816759705543518,1.40570604801178,0.382816702127457,1.54819512367249,7.31400012969971,2017,NZL
8,Sweden,0.612924098968506,0.385399252176285,0.830875158309937,1.49438726902008,0.384398728609085,1.47816216945648,7.28399991989136,2017,SWE
9,Australia,0.601607382297516,0.477699249982834,0.84388679265976,1.484414935112,0.301183730363846,1.51004195213318,7.28399991989136,2017,AUS
10,Israel,0.405988603830338,0.330082654953003,0.83840399980545,1.37538242340088,0.0852421000599861,1.37628996372223,7.21299982070923,2017,ISR
11,Costa Rica,0.580131649971008,0.214613229036331,0.759509265422821,1.10970628261566,0.100106589496136,1.41640365123749,7.0789999961853,2017,CRI
12,Austria,0.567766189575195,0.316472321748734,0.815328419208527,1.48709726333618,0.221060365438461,1.4599449634552,7.00600004196167,2017,AUT
13,United States,0.505740523338318,0.392578780651093,0.77428662776947,1.54625928401947,0.135638788342476,1.41992056369781,6.99300003051758,2017,USA
14,Ireland,0.573110342025757,0.42785832285881,0.80978262424469,1.53570663928986,0.29838815331459,1.55823111534119,6.97700023651123,2017,IRL
15,Germany,0.562511384487152,0.336269170045853,0.798950731754303,1.48792338371277,0.276731938123703,1.47252035140991,6.95100021362305,2017,DEU
16,Belgium,0.539770722389221,0.231503337621689,0.818091869354248,1.46378076076508,0.251343131065369,1.46231269836426,6.89099979400635,2017,BEL
17,Luxembourg,0.59662789106369,0.283180981874466,0.845089495182037,1.74194359779358,0.31883442401886,1.45758366584778,6.86299991607666,2017,LUX
18,United Kingdom,0.508190035820007,0.492774158716202,0.805335938930511,1.44163393974304,0.265428066253662,1.49646008014679,6.71400022506714,2017,GBR
19,Chile,0.376895278692245,0.326662421226501,0.819479703903198,1.25278460979462,0.0822879821062088,1.28402495384216,6.65199995040894,2017,CHL
20,United Arab Emirates,0.60834527015686,0.3609419465065,0.726798236370087,1.62634336948395,0.324489563703537,1.26641023159027,6.64799976348877,2017,ARE
21,Brazil,0.437453746795654,0.16234989464283,0.616552352905273,1.10735321044922,0.111092761158943,1.43130600452423,6.63500022888184,2017,BRA
22,Czech Republic,0.490946173667908,0.0881067588925362,0.754444003105164,1.35268235206604,0.0368729270994663,1.43388521671295,6.60900020599365,2017,CZE
23,Argentina,0.494519203901291,0.109457060694695,0.695137083530426,1.18529546260834,0.059739887714386,1.44045114517212,6.59899997711182,2017,ARG
24,Mexico,0.412730008363724,0.120990432798862,0.709978997707367,1.15318381786346,0.132774114608765,1.210862159729,6.57800006866455,2017,MEX
25,Singapore,0.549840569496155,0.345965981483459,0.949492394924164,1.69227766990662,0.46430778503418,1.35381436347961,6.57200002670288,2017,SGP
26,Malta,0.588767051696777,0.574730575084686,0.821944236755371,1.34327983856201,0.153066068887711,1.48841166496277,6.52699995040894,2017,MLT
27,Uruguay,0.57939225435257,0.175096929073334,0.719216823577881,1.21755969524384,0.178061872720718,1.41222786903381,6.4539999961853,2017,URY
28,Guatemala,0.531310617923737,0.283488392829895,0.540239989757538,0.872001945972443,0.0772232785820961,1.25558519363403,6.4539999961853,2017,GTM
29,Panama,0.550026834011078,0.21055693924427,0.706156134605408,1.23374843597412,0.070983923971653,1.37319254875183,6.4520001411438,2017,PAN
30,France,0.470222115516663,0.129762306809425,0.844465851783752,1.43092346191406,0.172502428293228,1.38777685165405,6.44199991226196,2017,FRA
31,Thailand,0.580200731754303,0.572123110294342,0.647239029407501,1.12786877155304,0.0316127352416515,1.42579245567322,6.42399978637695,2017,THA
32,Taiwan Province of China,0.361466586589813,0.258360475301743,0.793984234333038,1.43362653255463,0.0638292357325554,1.38456535339355,6.42199993133545,2017,TWN
33,Spain,0.408781230449677,0.190133571624756,0.888960599899292,1.38439786434174,0.0709140971302986,1.53209090232849,6.40299987792969,2017,ESP
34,Qatar,0.604130983352661,0.330473870038986,0.710098087787628,1.87076568603516,0.439299255609512,1.27429687976837,6.375,2017,QAT
35,Colombia,0.477487415075302,0.149014472961426,0.595027923583984,1.07062232494354,0.0466687418520451,1.4021829366684,6.35699987411499,2017,COL
36,Saudi Arabia,0.449750572443008,0.147616013884544,0.590148329734802,1.53062355518341,0.27343225479126,1.28667759895325,6.3439998626709,2017,SAU
37,Trinidad and Tobago,0.518630743026733,0.325296461582184,0.519983291625977,1.36135590076447,0.0089648161083459,1.3802285194397,6.16800022125244,2017,TTO
38,Kuwait,0.496337592601776,0.228289797902107,0.632105708122253,1.63295245170593,0.215159550309181,1.25969874858856,6.10500001907349,2017,KWT
39,Slovakia,0.295817464590073,0.136544480919838,0.712732911109924,1.32539355754852,0.0242108516395092,1.50505924224854,6.09800004959106,2017,SVK
40,Bahrain,0.536746919155121,0.172668486833572,0.653133034706116,1.48841226100922,0.257042169570923,1.32311046123505,6.08699989318848,2017,BHR
41,Malaysia,0.402264982461929,0.416608929634094,0.618784427642822,1.29121541976929,0.0656007081270218,1.28464603424072,6.08400011062622,2017,MYS
42,Nicaragua,0.447551846504211,0.301674216985703,0.653095960617065,0.737299203872681,0.130687981843948,1.28721570968628,6.07100009918213,2017,NIC
43,Ecuador,0.4551981985569,0.150112465023994,0.685636222362518,1.00082039833069,0.140134647488594,1.28616881370544,6.00799989700317,2017,ECU
44,El Salvador,0.432452529668808,0.0782579854130745,0.596018552780151,0.909784495830536,0.0899809598922729,1.18212509155273,6.00299978256226,2017,SLV
45,Poland,0.520342111587524,0.158465966582298,0.699475347995758,1.29178786277771,0.0593078061938286,1.44571197032928,5.97300004959106,2017,POL
46,Uzbekistan,0.658248662948608,0.415983647108078,0.498272627592087,0.786441087722778,0.246528223156929,1.54896914958954,5.97100019454956,2017,UZB
47,Italy,0.256450712680817,0.17278964817524,0.853144347667694,1.39506661891937,0.0280280914157629,1.44492328166962,5.96400022506714,2017,ITA
48,Russia,0.373783111572266,0.0522638224065304,0.547349333763123,1.28177809715271,0.0329628810286522,1.46928238868713,5.96299982070923,2017,RUS
49,Belize,0.547509372234344,0.240015640854836,0.450191766023636,0.907975316047668,0.0965810716152191,1.08141779899597,5.95599985122681,2017,BLZ
50,Japan,0.505625545978546,0.12057276815176,0.913475871086121,1.41691517829895,0.163760736584663,1.43633782863617,5.92000007629395,2017,JPN
51,Lithuania,0.234231784939766,0.010164656676352,0.62894994020462,1.31458234786987,0.0118656428530812,1.47351610660553,5.90199995040894,2017,LTU
52,Algeria,0.233335807919502,0.0694366469979286,0.617584645748138,1.09186446666718,0.146096110343933,1.1462174654007,5.87200021743774,2017,DZA
53,Latvia,0.325707912445068,0.153074786067009,0.638566970825195,1.26074862480164,0.0738427266478539,1.40471494197845,5.84999990463257,2017,LVA
54,South Korea,0.257921665906906,0.206674367189407,0.900214076042175,1.40167844295502,0.0632826685905457,1.12827444076538,5.83799982070923,2017,KOR
55,Moldova,0.240729048848152,0.208779126405716,0.589465200901031,0.728870630264282,0.0100912861526012,1.25182557106018,5.83799982070923,2017,MDA
56,Romania,0.457003742456436,0.133519917726517,0.685158312320709,1.21768391132355,0.00438790069893,1.15009129047394,5.82499980926514,2017,ROU
57,Bolivia,0.558732926845551,0.22556072473526,0.473630249500275,0.833756566047668,0.0604777261614799,1.22761905193329,5.82299995422363,2017,BOL
58,Turkmenistan,0.41827192902565,0.24992498755455,0.437726080417633,1.13077676296234,0.259270340204239,1.49314916133881,5.82200002670288,2017,TKM
59,Kazakhstan,0.437454283237457,0.201964423060417,0.606041550636292,1.28455626964569,0.119282886385918,1.38436901569366,5.81899976730347,2017,KAZ
60,North Cyprus,0.471203625202179,0.266845703125,0.834647238254547,1.3469113111496,0.155353352427483,1.18630337715149,5.80999994277954,2017,CYP
61,Slovenia,0.572575807571411,0.242649093270302,0.790828227996826,1.3412059545517,0.0451289787888527,1.45251882076263,5.75799989700317,2017,SVN
62,Peru,0.450002878904343,0.126819714903831,0.630166113376617,1.03522527217865,0.0470490865409374,1.21877038478851,5.71500015258789,2017,PER
63,Mauritius,0.491247326135635,0.360933750867844,0.638007462024689,1.18939554691315,0.0421815551817417,1.20956099033356,5.62900018692017,2017,MUS
64,Cyprus,0.355111539363861,0.271254301071167,0.84471470117569,1.35593807697296,0.0412379764020443,1.13136327266693,5.62099981307983,2017,CYP
65,Estonia,0.479131430387497,0.0988908112049103,0.695168316364288,1.32087934017181,0.183248922228813,1.47667109966278,5.61100006103516,2017,EST
66,Belarus,0.295400261878967,0.15513750910759,0.637714266777039,1.15655755996704,0.156313821673393,1.44494521617889,5.56899976730347,2017,BLR
67,Libya,0.465733230113983,0.152073666453362,0.520169019699097,1.10180306434631,0.0926102101802826,1.35756433010101,5.52500009536743,2017,LBY
68,Turkey,0.300740599632263,0.0466930419206619,0.637605607509613,1.19827437400818,0.0996715798974037,1.33775317668915,5.5,2017,TUR
69,Paraguay,0.473507791757584,0.224150657653809,0.579250693321228,0.932537317276001,0.091065913438797,1.50728487968445,5.49300003051758,2017,PRY
70,"Hong Kong S.A.R., China",0.490968644618988,0.374465793371201,0.943062424659729,1.55167484283447,0.293933749198914,1.26279091835022,5.47200012207031,2017,HKG
71,Philippines,0.585214674472809,0.193513423204422,0.468009054660797,0.85769921541214,0.0993318930268288,1.25391757488251,5.42999982833862,2017,PHL
72,Serbia,0.208715528249741,0.220125883817673,0.65078467130661,1.06931757926941,0.0409037806093693,1.25818979740143,5.39499998092651,2017,SRB
73,Jordan,0.418421149253845,0.172170460224152,0.604590058326721,0.991012394428253,0.11980327218771,1.23908889293671,5.33599996566772,2017,JOR
74,Hungary,0.175863519310951,0.0784016624093056,0.687763452529907,1.2860119342804,0.0366369374096394,1.34313309192657,5.32399988174438,2017,HUN
75,Jamaica,0.474307239055634,0.233818337321281,0.641022384166718,0.925579309463501,0.0552677810192108,1.36821806430817,5.31099987030029,2017,JAM
76,Croatia,0.255772292613983,0.248002976179123,0.701288521289825,1.22255623340607,0.0431031100451946,0.96798300743103,5.29300022125244,2017,HRV
77,Kosovo,0.260287940502167,0.319931447505951,0.541452050209045,0.951484382152557,0.0574716180562973,1.13785350322723,5.27899980545044,2017,XKX
78,China,0.472787708044052,0.0288068410009146,0.741415500640869,1.08116579055786,0.0227942746132612,1.16083741188049,5.27299976348877,2017,CHN
79,Pakistan,0.23521526157856,0.315446019172668,0.402047783136368,0.72688353061676,0.124348066747189,0.672690689563751,5.26900005340576,2017,PAK
80,Indonesia,0.443323463201523,0.611704587936401,0.492345720529556,0.995538592338562,0.0153171354904771,1.27444469928741,5.26200008392334,2017,IDN
81,Venezuela,0.153997123241425,0.0650196298956871,0.617144227027893,1.12843120098114,0.0644911229610443,1.43133759498596,5.25,2017,VEN
82,Montenegro,0.194989055395126,0.197911024093628,0.667464673519135,1.12112903594971,0.0881741940975189,1.23837649822235,5.23699998855591,2017,MNE
83,Morocco,0.408158332109451,0.0322099551558495,0.59771066904068,0.878114581108093,0.0877631828188896,0.774864435195923,5.2350001335144,2017,MAR
84,Azerbaijan,0.398155838251114,0.0452693402767181,0.540775775909424,1.15360176563263,0.180987507104874,1.15240025520325,5.23400020599365,2017,AZE
85,Dominican Republic,0.55258983373642,0.186967849731445,0.574873745441437,1.07937383651733,0.113945253193378,1.40241670608521,5.23000001907349,2017,DOM
86,Greece,0.0957312509417534,0.22570930421352348,0.810198903083801,1.28948748111725,0.04328977689147,1.23941457271576,5.22700023651123,2017,GRC
87,Lebanon,0.288515985012054,0.264450758695602,0.735081076622009,1.07498753070831,0.037513829767704,1.12962424755096,5.22499990463257,2017,LBN
88,Portugal,0.498465299606323,0.0951027125120163,0.795843541622162,1.3151752948761,0.0158694516867399,1.36704301834106,5.19500017166138,2017,PRT
89,Bosnia and Herzegovina,0.204403176903725,0.328867495059967,0.705186307430267,0.982409417629242,0.04460745211690666,1.0693359375,5.18200016021729,2017,BIH
90,Honduras,0.348079860210419,0.236188873648643,0.582569479942322,0.730573117733002,0.0733454525470734,1.14394497871399,5.18100023269653,2017,HND
91,Macedonia,0.325905978679657,0.25376096367836,0.644948184490204,1.06457793712616,0.0602777935564518,1.20789301395416,5.17500019073486,2017,MKD
92,Somalia,0.602126955986023,0.291631311178207,0.113989137113094,0.0226431842893362,0.282410323619843,0.721151351928711,5.15100002288818,2017,SOM
93,Vietnam,0.571055591106415,0.234968051314354,0.652168989181519,0.788547575473785,0.0876332372426987,1.27749133110046,5.07399988174438,2017,VNM
94,Nigeria,0.394952565431595,0.230947196483612,0.0569157302379608,0.783756256103516,0.0261215660721064,1.21577048301697,5.07399988174438,2017,NGA
95,Tajikistan,0.471566706895828,0.248997643589973,0.529235124588013,0.524713635444641,0.146377146244049,1.27146327495575,5.04099988937378,2017,TJK
96,Bhutan,0.501537680625916,0.474054545164108,0.495879292488098,0.885416388511658,0.173380389809608,1.34012651443481,5.01100015640259,2017,BTN
97,Kyrgyzstan,0.454943388700485,0.42858037352562,0.553457796573639,0.596220076084137,0.0394391790032387,1.39423859119415,5.00400018692017,2017,KGZ
98,Nepal,0.440305948257446,0.394096165895462,0.504130780696869,0.479820191860199,0.0729755461215973,1.17928326129913,4.96199989318848,2017,NPL
99,Mongolia,0.394143968820572,0.338464230298996,0.557783484458923,1.02723586559296,0.0329022891819477,1.4930112361908,4.95499992370605,2017,MNG
100,South Africa,0.479246735572815,0.139362379908562,0.187080070376396,1.05469870567322,0.0725094974040985,1.38478863239288,4.8289999961853,2017,ZAF
101,Tunisia,0.289680689573288,0.0496933571994305,0.613212049007416,1.00726580619812,0.0867231488227844,0.868351459503174,4.80499982833862,2017,TUN
102,Palestinian Territories,0.25471106171608,0.114173173904419,0.565666973590851,0.716249227523804,0.0892826020717621,1.15564715862274,4.77500009536743,2017,PSE
103,Egypt,0.282110154628754,0.128631442785263,0.520187258720398,0.989701807498932,0.114381365478039,0.997471392154694,4.7350001335144,2017,EGY
104,Bulgaria,0.289231717586517,0.113177694380283,0.708217680454254,1.1614590883255,0.0110515309497714,1.43437945842743,4.71400022506714,2017,BGR
105,Sierra Leone,0.318697690963745,0.293040901422501,0.0055647538974881,0.36842092871666,0.0710951760411263,0.984136044979095,4.70900011062622,2017,SLE
106,Cameroon,0.430388748645782,0.236298456788063,0.132892116904259,0.564305365085602,0.0513066314160824,0.946018218994141,4.69500017166138,2017,CMR
107,Iran,0.249322608113289,0.387242913246155,0.639333188533783,1.15687310695648,0.048761073499918,0.711551249027252,4.69199991226196,2017,IRN
108,Albania,0.381498634815216,0.201312944293022,0.731159746646881,0.996192753314972,0.0398642159998417,0.803685247898102,4.64400005340576,2017,ALB
109,Bangladesh,0.478356659412384,0.172255352139473,0.533241033554077,0.586682975292206,0.123717859387398,0.735131740570068,4.60799980163574,2017,BGD
110,Namibia,0.520303547382355,0.0771337449550629,0.33861181139946,0.964434325695038,0.0931469723582268,1.0984708070755,4.57399988174438,2017,NAM
111,Kenya,0.452763766050339,0.444860309362411,0.309988349676132,0.560479462146759,0.0646413192152977,1.06795072555542,4.55299997329712,2017,KEN
112,Mozambique,0.480791091918945,0.322228103876114,0.106654435396194,0.234305649995804,0.179436385631561,0.870701014995575,4.55000019073486,2017,MOZ
113,Myanmar,0.514492034912109,0.838075160980225,0.397522568702698,0.367110550403595,0.188816204667091,1.12323594093323,4.54500007629395,2017,MMR
114,Senegal,0.377922266721725,0.183468893170357,0.409362852573395,0.479309022426605,0.115460447967052,1.17969191074371,4.53499984741211,2017,SEN
115,Zambia,0.461603492498398,0.249580144882202,0.257835894823074,0.636406779289246,0.0782135501503944,1.00318729877472,4.51399993896484,2017,ZMB
116,Iraq,0.288555532693863,0.19963726401329,0.501180469989777,1.10271048545837,0.107215754687786,0.978613197803497,4.49700021743774,2017,IRQ
117,Gabon,0.312328577041626,0.0437853783369064,0.356578588485718,1.1982102394104,0.0760467872023582,1.1556202173233,4.46500015258789,2017,GAB
118,Ethiopia,0.408842742443085,0.312650740146637,0.353409707546234,0.339233845472336,0.165455713868141,0.86466920375824,4.46000003814697,2017,ETH
119,Sri Lanka,0.561213254928589,0.490863561630249,0.625130832195282,1.00985014438629,0.0736539661884308,1.25997638702393,4.44000005722046,2017,LKA
120,Armenia,0.198303267359734,0.0834880918264389,0.637524425983429,0.900596737861633,0.0266744215041399,1.00748372077942,4.37599992752075,2017,ARM
121,India,0.469987004995346,0.231538489460945,0.455427616834641,0.792221248149872,0.0922268852591515,0.754372596740723,4.31500005722046,2017,IND
122,Mauritania,0.0960980430245399,0.201870024204254,0.285349279642105,0.648457288742065,0.136957004666328,1.2720308303833,4.29199981689453,2017,MRT
123,Congo (Brazzaville),0.435025870800018,0.120852127671242,0.28995743393898,0.808964252471924,0.0796181336045265,0.832044363021851,4.29099988937378,2017,COG
124,Georgia,0.309410035610199,0.0540088154375553,0.649546980857849,0.950612664222717,0.251666635274887,0.57061493396759,4.28599977493286,2017,GEO
125,Congo (Kinshasa),0.235961347818375,0.246455833315849,0.191407024860382,0.0921023488044739,0.0602413564920425,1.22902345657349,4.28000020980835,2017,COD
126,Mali,0.306613743305206,0.183354198932648,0.169365674257278,0.476180493831635,0.104970246553421,1.28147339820862,4.19000005722046,2017,MLI
127,Ivory Coast,0.447706192731857,0.201237469911575,0.0486421696841717,0.603048920631409,0.130061775445938,0.904780030250549,4.17999982833862,2017,CIV
128,Cambodia,0.633375823497772,0.385922968387604,0.429783403873444,0.601765096187592,0.0681059509515762,1.00623834133148,4.16800022125244,2017,KHM
129,Sudan,0.0149958552792668,0.182317450642586,0.290920823812485,0.65951669216156,0.089847519993782,1.21400856971741,4.13899993896484,2017,SDN
130,Ghana,0.423026293516159,0.256923943758011,0.295637726783752,0.667224824428558,0.0253363698720932,0.873664736747742,4.11999988555908,2017,GHA
131,Ukraine,0.122974775731564,0.270061463117599,0.575903952121735,0.89465194940567,0.0230294708162546,1.39453756809235,4.09600019454956,2017,UKR
132,Uganda,0.443185955286026,0.325766056776047,0.217632606625557,0.381430715322495,0.057069718837738,1.12982773780823,4.08099985122681,2017,UGA
133,Burkina Faso,0.324367851018906,0.250864684581757,0.215844258666039,0.3502277135849,0.120328105986118,1.04328000545502,4.03200006484985,2017,BFA
134,Niger,0.36365869641304,0.228673845529556,0.26850500702858,0.161925330758095,0.138572946190834,0.993025004863739,4.02799987792969,2017,NER
135,Malawi,0.466914653778076,0.287170469760895,0.315089583396912,0.233442038297653,0.0727116540074348,0.512568831443787,3.97000002861023,2017,MWI
136,Chad,0.16234202682972,0.216113850474358,0.0411347150802612,0.438012987375259,0.0535818822681904,0.953855872154236,3.93600010871887,2017,TCD
137,Zimbabwe,0.336384207010269,0.189143493771553,0.196763753890991,0.375846534967422,0.0953753814101219,1.08309590816498,3.875,2017,ZWE
138,Lesotho,0.390661299228668,0.157497271895409,0.12331620976328839,0.521021246910095,0.119094640016556,1.19009518623352,3.80800008773804,2017,LSO
139,Angola,0.2484204098582265,0.097926490008831,0.0498686656355858,0.858428180217743,0.0697203353047371,1.10441195964813,3.79500007629395,2017,AGO
140,Afghanistan,0.106179520487785,0.311870932579041,0.180746778845787,0.401477217674255,0.0611578300595284,0.581543326377869,3.79399991035461,2017,AFG
141,Botswana,0.505196332931519,0.0993484482169151,0.341755509376526,1.12209415435791,0.0985831990838051,1.22155499458313,3.76600003242493,2017,BWA
142,Benin,0.425962775945663,0.207948461174965,0.209930211305618,0.431085407733917,0.0609290152788162,0.435299843549728,3.65700006484985,2017,BEN
143,Madagascar,0.189196765422821,0.208732530474663,0.375223308801651,0.305808693170547,0.0672319754958153,0.913020372390747,3.64400005340576,2017,MDG
144,Haiti,0.0303698573261499,0.489203780889511,0.277321130037308,0.368610262870789,0.0998721495270729,0.640449821949005,3.6029999256134,2017,HTI
145,Yemen,0.249463722109795,0.104125209152699,0.310080915689468,0.591683447360992,0.0567674227058887,0.93538224697113,3.59299993515015,2017,YEM
146,South Sudan,0.147062435746193,0.285670816898346,0.163486003875732,0.39724862575531,0.116793513298035,0.601323127746582,3.59100008010864,2017,SSD
147,Liberia,0.332881182432175,0.26654988527298,0.229918196797371,0.119041793048382,0.0389482490718365,0.872117936611176,3.53299999237061,2017,LBR
148,Guinea,0.348587512969971,0.264815092086792,0.194129139184952,0.244549930095673,0.110937617719173,0.791244685649872,3.50699996948242,2017,GIN
149,Togo,0.38042613863945,0.196896150708199,0.247105568647385,0.305444717407227,0.0956650152802467,0.431882530450821,3.49499988555908,2017,TGO
150,Rwanda,0.581843852996826,0.252756029367447,0.326424807310104,0.368745893239975,0.455220013856888,0.945707023143768,3.47099995613098,2017,RWA
151,Syria,0.0815394446253777,0.493663728237152,0.50053334236145,0.777153134346008,0.151347130537033,0.396102607250214,3.46199989318848,2017,SYR
152,Tanzania,0.390017777681351,0.354256361722946,0.364509284496307,0.511135876178741,0.0660351067781448,1.04198980331421,3.34899997711182,2017,TZA
153,Burundi,0.0599007532000542,0.204435184597969,0.151610791683197,0.091622568666935,0.0841479450464249,0.629793584346771,2.90499997138977,2017,BDI
154,Central African Republic,0.270842045545578,0.280876487493515,0.0187726859003305,0.7667012843334675,0.0565650761127472,0.8967667921733855,2.69300007820129,2017,CAF
0,Denmark,0.57941,0.36171,0.79504,1.44178,0.44453,1.16374,7.526,2016,DNK
1,Switzerland,0.58557,0.28083,0.86303,1.52733,0.41203,1.14524,7.509,2016,CHE
2,Iceland,0.56624,0.47678,0.86733,1.42666,0.14975,1.18326,7.501,2016,ISL
3,Norway,0.59609,0.37895,0.79579,1.57744,0.35776,1.1269,7.498,2016,NOR
4,Finland,0.57104,0.25492,0.81091,1.40598,0.41004,1.13464,7.413,2016,FIN
5,Canada,0.5737,0.44834,0.8276,1.44015,0.31329,1.0961,7.404,2016,CAN
6,Netherlands,0.55211,0.47416,0.81231,1.46468,0.29927,1.02912,7.339,2016,NLD
7,New Zealand,0.58147,0.49401,0.83096,1.36066,0.41904,1.17278,7.334,2016,NZL
8,Australia,0.56837,0.47407,0.8512,1.44443,0.32331,1.10476,7.313,2016,AUS
9,Sweden,0.58218,0.38254,0.83121,1.45181,0.40867,1.08764,7.291,2016,SWE
10,Israel,0.36432,0.32288,0.84917,1.33766,0.08728,0.99537,7.267,2016,ISR
11,Austria,0.54355,0.32865,0.80565,1.45038,0.21348,1.08383,7.119,2016,AUT
12,United States,0.48163,0.41077,0.779,1.50796,0.14868,1.04782,7.104,2016,USA
13,Costa Rica,0.55225,0.22553,0.76146,1.06879,0.10547,1.02152,7.087,2016,CRI
14,Puerto Rico,0.46823,0.22202,0.77758,1.35943,0.12275,1.08113,7.039,2016,PRI
15,Germany,0.53466,0.30452,0.81487,1.44787,0.28551,1.09774,6.994,2016,DEU
16,Brazil,0.40425,0.15776,0.61415,1.08754,0.14166,1.03938,6.952,2016,BRA
17,Belgium,0.51354,0.2424,0.81959,1.42539,0.26248,1.05249,6.929,2016,BEL
18,Ireland,0.54008,0.44963,0.81455,1.48341,0.29754,1.16157,6.907,2016,IRL
19,Luxembourg,0.5487,0.27571,0.84542,1.69752,0.35329,1.03999,6.871,2016,LUX
20,Mexico,0.37709,0.11735,0.71143,1.11508,0.18355,0.7146,6.778,2016,MEX
21,Singapore,0.4877,0.32706,0.94719,1.64555,0.46987,0.86758,6.739,2016,SGP
22,United Kingdom,0.50036,0.50156,0.80991,1.40283,0.27399,1.08672,6.725,2016,GBR
23,Chile,0.37789,0.31595,0.81883,1.2167,0.11451,0.90587,6.705,2016,CHL
24,Panama,0.48927,0.2418,0.70835,1.18306,0.08423,0.98912,6.701,2016,PAN
25,Argentina,0.42284,0.10989,0.69711,1.15137,0.07296,1.06612,6.65,2016,ARG
26,Czech Republic,0.41418,0.09929,0.76376,1.30915,0.03986,1.00793,6.596,2016,CZE
27,United Arab Emirates,0.56215,0.26591,0.72993,1.57352,0.35561,0.87114,6.573,2016,ARE
28,Uruguay,0.54388,0.18056,0.72183,1.18157,0.21394,1.03143,6.545,2016,URY
29,Malta,0.54994,0.56237,0.80315,1.30782,0.17554,1.09879,6.488,2016,MLT
30,Colombia,0.44735,0.15626,0.59659,1.03032,0.05399,1.02169,6.481,2016,COL
31,France,0.46562,0.1216,0.83795,1.39488,0.17808,1.00508,6.478,2016,FRA
32,Thailand,0.49553,0.58696,0.64915,1.0893,0.02833,1.04477,6.474,2016,THA
33,Saudi Arabia,0.37904,0.15457,0.59267,1.48953,0.30008,0.84829,6.379,2016,SAU
34,Taiwan,0.32377,0.25495,0.79565,1.39729,0.0663,0.92624,6.379,2016,TWN
35,Qatar,0.56679,0.32388,0.71723,1.82427,0.48049,0.87964,6.375,2016,QAT
36,Spain,0.37545,0.17665,0.87896,1.34253,0.06137,1.12945,6.361,2016,ESP
37,Algeria,0.21006,0.07044,0.61804,1.05266,0.16157,0.83309,6.355,2016,DZA
38,Guatemala,0.50379,0.28808,0.54039,0.83454,0.08701,0.87119,6.324,2016,GTM
39,Suriname,0.52234,0.16665,0.50933,1.09686,0.12692,0.77866,6.269,2016,SUR
40,Kuwait,0.43166,0.15965,0.63569,1.61714,0.23669,0.87758,6.239,2016,KWT
41,Bahrain,0.47375,0.17147,0.65696,1.44024,0.25772,0.94397,6.218,2016,BHR
42,Trinidad and Tobago,0.48453,0.31935,0.52608,1.32572,0.01241,0.98569,6.168,2016,TTO
43,Venezuela,0.19847,0.0425,0.61904,1.13367,0.08304,1.03302,6.084,2016,VEN
44,Slovakia,0.23391,0.13837,0.70367,1.27973,0.02947,1.08268,6.078,2016,SVK
45,El Salvador,0.37269,0.08877,0.596,0.8737,0.10613,0.80975,6.068,2016,SLV
46,Malaysia,0.39031,0.41474,0.62366,1.25142,0.09081,0.88025,6.005,2016,MYS
47,Nicaragua,0.46582,0.29773,0.65213,0.69384,0.16292,0.89521,5.992,2016,NIC
48,Uzbekistan,0.60848,0.34326,0.50163,0.73591,0.28333,1.1681,5.987,2016,UZB
49,Italy,0.18827,0.16684,0.85102,1.35495,0.02556,1.04167,5.977,2016,ITA
50,Ecuador,0.4027,0.10074,0.68613,0.97306,0.18037,0.85974,5.976,2016,ECU
51,Belize,0.51231,0.23684,0.45569,0.87616,0.10771,0.68655,5.956,2016,BLZ
52,Japan,0.46761,0.10224,0.91491,1.38007,0.18985,1.06054,5.921,2016,JPN
53,Kazakhstan,0.4052,0.15011,0.57386,1.22943,0.11132,0.95544,5.919,2016,KAZ
54,Moldova,0.25202,0.19997,0.52309,0.69177,0.01903,0.83132,5.897,2016,MDA
55,Russia,0.32682,0.02736,0.58991,1.23228,0.03586,1.05261,5.856,2016,RUS
56,Poland,0.4519,0.14443,0.69058,1.24585,0.055,1.04685,5.835,2016,POL
57,South Korea,0.25168,0.18824,0.88645,1.35948,0.07716,0.72194,5.835,2016,KOR
58,Bolivia,0.50961,0.21698,0.4697,0.79422,0.07746,0.83779,5.822,2016,BOL
59,Lithuania,0.18929,0.02025,0.64674,1.2692,0.0182,1.06411,5.813,2016,LTU
60,Belarus,0.29091,0.13942,0.63104,1.13062,0.17457,1.04993,5.802,2016,BLR
61,North Cyprus,0.43596,0.26322,0.84142,1.31141,0.16578,0.81826,5.771,2016,CYP
62,Slovenia,0.53164,0.25738,0.79151,1.29947,0.03635,1.05613,5.768,2016,SVN
63,Peru,0.37502,0.14527,0.62994,0.99602,0.05292,0.81255,5.743,2016,PER
64,Turkmenistan,0.37408,0.22567,0.44006,1.08017,0.28467,1.03817,5.658,2016,TKM
65,Mauritius,0.46145,0.36951,0.66189,1.14372,0.05203,0.75695,5.648,2016,MUS
66,Libya,0.40672,0.17087,0.52304,1.06688,0.10339,0.95076,5.615,2016,LBY
67,Latvia,0.27996,0.17445,0.63952,1.21788,0.0889,0.95025,5.56,2016,LVA
68,Cyprus,0.29507,0.27906,0.8488,1.31857,0.05228,0.70697,5.546,2016,CYP
69,Paraguay,0.46235,0.25296,0.58295,0.89373,0.07396,1.11111,5.538,2016,PRY
70,Romania,0.36712,0.12889,0.67602,1.1697,0.00679,0.72803,5.528,2016,ROU
71,Estonia,0.41511,0.08423,0.68098,1.27964,0.18519,1.05163,5.517,2016,EST
72,Jamaica,0.43597,0.22245,0.59469,0.89333,0.04294,0.96372,5.51,2016,JAM
73,Croatia,0.23907,0.18434,0.70524,1.18649,0.04002,0.60809,5.488,2016,HRV
74,Hong Kong,0.48079,0.40097,0.95277,1.5107,0.31647,0.87021,5.458,2016,HKG
75,Somalia,0.56778,0.27225,0.11466,1.206075,0.3118,0.33613,5.44,2016,SOM
76,Kosovo,0.14396,0.27992,0.54,0.90145,0.06547,0.66062,5.401,2016,XKX
77,Turkey,0.23889,0.04707,0.64718,1.16492,0.12348,0.87717,5.389,2016,TUR
78,Indonesia,0.39237,0.56521,0.49374,0.95104,0.00322,0.87625,5.314,2016,IDN
79,Jordan,0.36023,0.14262,0.60712,0.99673,0.13297,0.86216,5.303,2016,JOR
80,Azerbaijan,0.35327,0.0564,0.54504,1.12373,0.17914,0.76042,5.291,2016,AZE
81,Philippines,0.54854,0.21674,0.47036,0.81217,0.11757,0.87877,5.279,2016,PHL
82,China,0.44012,0.04959,0.73561,1.0278,0.02745,0.79381,5.245,2016,CHN
83,Bhutan,0.46074,0.48546,0.49759,0.8527,0.1616,0.90836,5.196,2016,BTN
84,Kyrgyzstan,0.40212,0.38432,0.55449,0.56044,0.04762,0.95434,5.185,2016,KGZ
85,Serbia,0.15718,0.20737,0.6458,1.03437,0.04339,0.81329,5.177,2016,SRB
86,Bosnia and Herzegovina,0.09511,0.29889,0.70766,0.93383,0.08529999999999999,0.64367,5.163,2016,BIH
87,Montenegro,0.15111,0.17191,0.63533,1.07838,0.12721,0.74173,5.161,2016,MNE
88,Dominican Republic,0.52259,0.21286,0.57669,1.02787,0.12372,0.99496,5.155,2016,DOM
89,Morocco,0.25646,0.04053,0.59471,0.84058,0.08404,0.38595,5.151,2016,MAR
90,Hungary,0.1977,0.099,0.67608,1.24142,0.04472,0.93164,5.145,2016,HUN
91,Pakistan,0.14622,0.31185,0.40306,0.68816,0.1388,0.26135,5.132,2016,PAK
92,Lebanon,0.26228,0.23693,0.76171,1.12268,0.03061,0.64184,5.129,2016,LBN
93,Portugal,0.44727,0.11691,0.79363,1.27607,0.01521,0.94367,5.123,2016,PRT
94,Macedonia,0.27668,0.23507,0.64738,1.0193,0.07047,0.78236,5.121,2016,MKD
95,Vietnam,0.55954,0.25075,0.66157,0.74037,0.11556,0.79117,5.061,2016,VNM
96,Somaliland Region,0.3913,0.51479,0.33108,0.25558,0.36794,0.75862,5.057,2016,SOM
97,Tunisia,0.23553,0.03936,0.59577,0.97724,0.0817,0.43165,5.045,2016,TUN
98,Greece,0.05822,0.14967,0.80029,1.24886,0.04127,0.75473,5.033,2016,GRC
99,Tajikistan,0.43408,0.25998,0.53119,0.48835,0.13509,0.75602,4.996,2016,TJK
100,Mongolia,0.35972,0.34539,0.55469,0.98853,0.03285,1.08983,4.907,2016,MNG
101,Laos,0.52168,0.43079,0.38291,0.68042,0.22423,0.5497,4.876,2016,LAO
102,Nigeria,0.27854,0.23219,0.05108,0.75216,0.0305,0.64498,4.875,2016,NGA
103,Honduras,0.26755,0.2044,0.58383,0.69429,0.06906,0.75596,4.871,2016,HND
104,Iran,0.22544,0.38538,0.64232,1.11758,0.0557,0.38857,4.813,2016,IRN
105,Zambia,0.42662,0.17866,0.23573,0.61202,0.11479,0.6376,4.795,2016,ZMB
106,Nepal,0.37012,0.3816,0.50073,0.44626,0.07008,0.69699,4.793,2016,NPL
107,Palestinian Territories,0.17744,0.11154,0.56844,0.67024,0.10613,0.71629,4.754,2016,PSE
108,Albania,0.31866,0.1684,0.73007,0.9553,0.05301,0.50163,4.655,2016,ALB
109,Bangladesh,0.39778,0.19132,0.52989,0.54177,0.12583,0.24749,4.643,2016,BGD
110,Sierra Leone,0.30685,0.23897,0.5203249999999999,0.36485,0.08196,0.628,4.635,2016,SLE
111,Iraq,0.24856,0.19589,0.51076,1.07474,0.13636,0.59205,4.575,2016,IRQ
112,Namibia,0.48614,0.07795,0.34745,0.93287,0.10398,0.70362,4.574,2016,NAM
113,Cameroon,0.42736,0.2268,0.12698,0.52497,0.06126,0.62542,4.513,2016,CMR
114,Ethiopia,0.36703,0.29522,0.34578,0.29283,0.1717,0.37932,4.508,2016,ETH
115,South Africa,0.42483,0.13656,0.18611,1.02416,0.08415,0.96053,4.459,2016,ZAF
116,Sri Lanka,0.50817,0.46978,0.62007,0.97318,0.07964,0.84783,4.415,2016,LKA
117,India,0.40285,0.25028,0.45091,0.74036,0.08722,0.29247,4.404,2016,IND
118,Myanmar,0.42692,0.81971,0.3988,0.34112,0.20243,0.69981,4.395,2016,MMR
119,Egypt,0.18847,0.12706,0.52116,0.95395,0.10393,0.49813,4.362,2016,EGY
120,Armenia,0.14037,0.07793,0.64083,0.86086,0.03616,0.62477,4.36,2016,ARM
121,Kenya,0.40576,0.41328,0.30147,0.52267,0.06686,0.7624,4.356,2016,KEN
122,Ukraine,0.12859,0.20363,0.58628,0.87287,0.01829,1.01413,4.324,2016,UKR
123,Ghana,0.40973,0.21203,0.29681,0.63107,0.0326,0.49353,4.276,2016,GHA
124,Congo (Kinshasa),0.15602,0.25458,0.188,0.05661,0.06075,0.80676,4.272,2016,COD
125,Georgia,0.32461,0.06786,0.64035,0.83792,0.3188,0.19249,4.252,2016,GEO
126,Congo (Brazzaville),0.37938,0.12077,0.28212,0.77109,0.09753,0.47799,4.236,2016,COG
127,Senegal,0.31056,0.19103,0.40457,0.44314,0.11681,0.77416,4.219,2016,SEN
128,Bulgaria,0.21219,0.12793,0.67806,1.11306,0.00615,0.92542,4.217,2016,BGR
129,Mauritania,0.1268,0.22686,0.28639,0.61391,0.17955,0.84142,4.201,2016,MRT
130,Zimbabwe,0.25429,0.18503,0.1595,0.35041,0.08582,0.71478,4.193,2016,ZWE
131,Malawi,0.4143,0.30968,0.29364,0.08709,0.07564,0.147,4.156,2016,MWI
132,Sudan,0.34764,0.18077,0.29759,0.63069,0.10039,0.81928,4.139,2016,SDN
133,Gabon,0.28098,0.06244,0.3494,1.15851,0.09314,0.72368,4.121,2016,GAB
134,Mali,0.27544,0.21064,0.16347,0.31292,0.13647,0.86333,4.073,2016,MLI
135,Haiti,0.12072,0.47958,0.27494,0.34097,0.14476,0.29561,4.028,2016,HTI
136,Botswana,0.44089,0.12425,0.34752,1.09426,0.10769,0.89186,3.974,2016,BWA
137,Comoros,0.15412,0.1827,0.29981,0.27509,0.18437,0.60323,3.956,2016,COM
138,Ivory Coast,0.40663,0.20338,0.04476,0.55507,0.1553,0.57576,3.916,2016,CIV
139,Cambodia,0.58852,0.40339,0.42494,0.55604,0.08092,0.5375,3.907,2016,KHM
140,Angola,0.00589,0.12071,0.04991,0.84731,0.08434,0.66366,3.866,2016,AGO
141,Niger,0.38041,0.2097,0.26162,0.1327,0.17176,0.6053,3.856,2016,NER
142,South Sudan,0.19662,0.25899,0.15781,0.39394,0.13015,0.18519,3.832,2016,SSD
143,Chad,0.12807,0.18667,0.03824,0.42214,0.04952,0.63178,3.763,2016,TCD
144,Burkina Faso,0.3337,0.24353,0.21297,0.31995,0.12533,0.63054,3.739,2016,BFA
145,Uganda,0.43653,0.27102,0.19625,0.34719,0.06442,0.90981,3.739,2016,UGA
146,Yemen,0.2287,0.09821,0.31048,0.57939,0.05892,0.47493,3.724,2016,YEM
147,Madagascar,0.13684,0.2204,0.37109,0.27954,0.07506,0.46115,3.695,2016,MDG
148,Tanzania,0.3176,0.31472,0.357,0.47155,0.05099,0.77623,3.666,2016,TZA
149,Liberia,0.25748,0.24063,0.23165,0.10706,0.04852,0.50353,3.622,2016,LBR
150,Guinea,0.30953,0.29914,0.18829,0.22415,0.1192,0.3109,3.607,2016,GIN
151,Rwanda,0.5432,0.23552,0.31865,0.32846,0.50521,0.61586,3.515,2016,RWA
152,Benin,0.39747,0.2018,0.21028,0.39499,0.06681,0.10419,3.484,2016,BEN
153,Afghanistan,0.1643,0.31268,0.17344,0.38227,0.07112,0.11037,3.36,2016,AFG
154,Togo,0.34678,0.17517,0.24811,0.28123,0.11587,0.129515,3.303,2016,TGO
155,Syria,0.06912,0.48397,0.62994,0.74719,0.17233,0.14866,3.069,2016,SYR
156,Burundi,0.0432,0.2029,0.15747,0.06831,0.09419,0.23442,2.905,2016,BDI
0,Switzerland,0.66557,0.29678,0.94143,1.39651,0.41978,1.34951,7.587,2015,CHE
1,Iceland,0.62877,0.4363,0.94784,1.30232,0.14145,1.40223,7.561,2015,ISL
2,Denmark,0.64938,0.34139,0.87464,1.32548,0.48357,1.36058,7.527,2015,DNK
3,Norway,0.66973,0.34699,0.88521,1.459,0.36503,1.33095,7.522,2015,NOR
4,Canada,0.63297,0.45811,0.90563,1.32629,0.32957,1.32261,7.427,2015,CAN
5,Finland,0.64169,0.23351,0.88911,1.29025,0.41372,1.31826,7.406,2015,FIN
6,Netherlands,0.61576,0.4761,0.89284,1.32944,0.31814,1.28017,7.378,2015,NLD
7,Sweden,0.6598,0.36262,0.91087,1.33171,0.43844,1.28907,7.364,2015,SWE
8,New Zealand,0.63938,0.47501,0.90837,1.25018,0.42922,1.31967,7.286,2015,NZL
9,Australia,0.65124,0.43562,0.93156,1.33358,0.35637,1.30923,7.284,2015,AUS
10,Israel,0.41319,0.33172,0.91387,1.22857,0.07785,1.22393,7.278,2015,ISR
11,Costa Rica,0.63376,0.25497,0.86027,0.95578,0.10583,1.23788,7.226,2015,CRI
12,Austria,0.62433,0.33088,0.89042,1.33723,0.18676,1.29704,7.2,2015,AUT
13,Mexico,0.48181,0.14074,0.81444,1.02054,0.21312,0.91451,7.187,2015,MEX
14,United States,0.54604,0.40105,0.86179,1.39451,0.1589,1.24711,7.119,2015,USA
15,Brazil,0.49049,0.14574,0.69702,0.98124,0.17521,1.23287,6.983,2015,BRA
16,Luxembourg,0.61583,0.28034,0.91894,1.56391,0.37798,1.21963,6.946,2015,LUX
17,Ireland,0.61777,0.45901,0.89533,1.33596,0.28703,1.36948,6.94,2015,IRL
18,Belgium,0.5845,0.2225,0.89667,1.30782,0.2254,1.28566,6.937,2015,BEL
19,United Arab Emirates,0.64157,0.26428,0.80925,1.42727,0.38583,1.12575,6.901,2015,ARE
20,United Kingdom,0.59625,0.51912,0.90943,1.26637,0.32067,1.28548,6.867,2015,GBR
21,Oman,0.63274,0.21542,0.76276,1.36011,0.32524,1.08182,6.853,2015,OMN
22,Venezuela,0.42908,0.05841,0.72052,1.04424,0.11069,1.25596,6.81,2015,VEN
23,Singapore,0.54252,0.31105,1.02525,1.52186,0.4921,1.02,6.798,2015,SGP
24,Panama,0.5421,0.24434,0.79661,1.06353,0.0927,1.1985,6.786,2015,PAN
25,Germany,0.61477,0.28214,0.89186,1.32792,0.21843,1.29937,6.75,2015,DEU
26,Chile,0.44132,0.33363,0.85857,1.10715,0.12869,1.12447,6.67,2015,CHL
27,Qatar,0.6404,0.32573,0.79733,1.69042,0.52208,1.0786,6.611,2015,QAT
28,France,0.55011,0.12332,0.94579,1.27778,0.20646,1.26038,6.575,2015,FRA
29,Argentina,0.44974,0.11451,0.78723,1.05351,0.08484,1.24823,6.574,2015,ARG
30,Czech Republic,0.46364,0.10686,0.84483,1.17898,0.02652,1.20643,6.505,2015,CZE
31,Uruguay,0.60362,0.2324,0.8116,1.06166,0.24558,1.2089,6.485,2015,URY
32,Colombia,0.53466,0.18401,0.69077,0.91861,0.0512,1.24018,6.477,2015,COL
33,Thailand,0.55664,0.5763,0.7385,0.9669,0.03187,1.26504,6.455,2015,THA
34,Saudi Arabia,0.31048,0.13706,0.72025,1.39541,0.32524,1.08393,6.411,2015,SAU
35,Spain,0.45951,0.18227,0.95562,1.23011,0.06398,1.31379,6.329,2015,ESP
36,Malta,0.60365,0.51752,0.88721,1.2074,0.13586,1.30203,6.302,2015,MLT
37,Taiwan,0.3974,0.25376,0.8753,1.29098,0.08129,1.07617,6.298,2015,TWN
38,Kuwait,0.55499,0.16228,0.72492,1.55422,0.25609,1.16594,6.295,2015,KWT
39,Suriname,0.59657,0.16991,0.6082,0.99534,0.13633,0.972,6.269,2015,SUR
40,Trinidad and Tobago,0.55884,0.31844,0.61483,1.21183,0.0114,1.18354,6.168,2015,TTO
41,El Salvador,0.4035,0.10692,0.67737,0.76454,0.11776,1.02507,6.13,2015,SLV
42,Guatemala,0.57733,0.27489,0.64425,0.74553,0.09472,1.04356,6.123,2015,GTM
43,Uzbekistan,0.65821,0.22837,0.59772,0.63244,0.30826,1.34043,6.003,2015,UZB
44,Slovakia,0.31751,0.16893,0.78902,1.16891,0.03431,1.26999,5.995,2015,SVK
45,Japan,0.49615,0.10705,0.99111,1.27074,0.1806,1.25712,5.987,2015,JPN
46,South Korea,0.33208,0.18557,0.96538,1.24461,0.07857,0.95774,5.984,2015,KOR
47,Ecuador,0.48574,0.11541,0.79075,0.86402,0.1809,0.99903,5.975,2015,ECU
48,Bahrain,0.45492,0.17362,0.74716,1.32376,0.306,1.21624,5.96,2015,BHR
49,Italy,0.26236,0.22823,0.95446,1.25114,0.02901,1.19777,5.948,2015,ITA
50,Bolivia,0.57414,0.20536,0.5392,0.68133,0.088,0.97841,5.89,2015,BOL
51,Moldova,0.32818,0.20951,0.61826,0.59448,0.01615,1.01528,5.889,2015,MDA
52,Paraguay,0.53899,0.3424,0.66098,0.75985,0.08242,1.30477,5.878,2015,PRY
53,Kazakhstan,0.51649,0.11827,0.64368,1.12254,0.08454,1.12241,5.855,2015,KAZ
54,Slovenia,0.60855,0.25328,0.87337,1.18498,0.03787,1.27385,5.848,2015,SVN
55,Lithuania,0.21342,0.02641,0.73128,1.14723,0.01031,1.25745,5.833,2015,LTU
56,Nicaragua,0.55475,0.27815,0.74314,0.59325,0.19317,1.14184,5.828,2015,NIC
57,Peru,0.41496,0.14982,0.73017,0.90019,0.05989,0.97459,5.824,2015,PER
58,Belarus,0.37938,0.11046,0.73608,1.03192,0.1909,1.23289,5.813,2015,BLR
59,Poland,0.53122,0.16759,0.77903,1.12555,0.04212,1.27948,5.791,2015,POL
60,Malaysia,0.53024,0.33075,0.72394,1.12486,0.10501,1.07023,5.77,2015,MYS
61,Croatia,0.25883,0.05444,0.78805,1.08254,0.0243,0.79624,5.759,2015,HRV
62,Libya,0.41668,0.18295,0.7038,1.13145,0.11023,1.11862,5.754,2015,LBY
63,Russia,0.36679,0.00199,0.66926,1.13764,0.03005,1.23617,5.716,2015,RUS
64,Jamaica,0.50442,0.2123,0.68741,0.81038,0.02299,1.15102,5.709,2015,JAM
65,North Cyprus,0.49027,0.26169,0.92356,1.20806,0.1428,1.07008,5.695,2015,CYP
66,Cyprus,0.40672,0.30638,0.92356,1.20813,0.06146,0.89318,5.689,2015,CYP
67,Algeria,0.28579,0.07822,0.61766,0.93929,0.17383,1.07772,5.605,2015,DZA
68,Kosovo,0.24749,0.2831,0.63132,0.80148,0.04741,0.81198,5.589,2015,XKX
69,Turkmenistan,0.4761,0.16979,0.53886,0.95847,0.30844,1.22668,5.548,2015,TKM
70,Mauritius,0.56066,0.37744,0.7095,1.00761,0.07521,0.98521,5.477,2015,MUS
71,Hong Kong,0.59608,0.39478,1.01328,1.38604,0.37124,1.05818,5.474,2015,HKG
72,Estonia,0.44888,0.0868,0.77361,1.15174,0.15184,1.22791,5.429,2015,EST
73,Indonesia,0.46611,0.51535,0.63793,0.82827,0.128125,1.08708,5.399,2015,IDN
74,Vietnam,0.59444,0.1686,0.74676,0.63216,0.10441,0.91226,5.36,2015,VNM
75,Turkey,0.22815,0.12253,0.73172,1.06098,0.15746,0.94632,5.332,2015,TUR
76,Kyrgyzstan,0.43477,0.3003,0.65088,0.47428,0.04232,1.15115,5.286,2015,KGZ
77,Nigeria,0.34334,0.27233,0.16007,0.65435,0.0403,0.90432,5.268,2015,NGA
78,Bhutan,0.53206,0.47998,0.57407,0.77042,0.15445,1.10395,5.253,2015,BTN
79,Azerbaijan,0.3703,0.07799,0.64045,1.02389,0.16065,0.93793,5.212,2015,AZE
80,Pakistan,0.12102,0.33671,0.51466,0.59543,0.10464,0.41411,5.194,2015,PAK
81,Jordan,0.40661,0.11053,0.69639,0.90198,0.14293,1.05392,5.192,2015,JOR
82,Montenegro,0.1826,0.1614,0.72521,0.97438,0.14296,0.90557,5.192,2015,MNE
83,China,0.51697,0.08185,0.81658,0.89012,0.02781,0.94675,5.14,2015,CHN
84,Zambia,0.48827,0.19591,0.29924,0.47038,0.12468,0.91612,5.129,2015,ZMB
85,Romania,0.35068,0.13748,0.7689,1.04345,0.00649,0.88588,5.124,2015,ROU
86,Serbia,0.20107,0.19231,0.74836,0.92053,0.02617,1.00964,5.123,2015,SRB
87,Portugal,0.51469,0.13719,0.87519,1.15991,0.01078,1.13935,5.102,2015,PRT
88,Latvia,0.29671,0.18226,0.72437,1.11312,0.06332,1.09562,5.098,2015,LVA
89,Philippines,0.62545,0.24991,0.58114,0.70532,0.12279,1.03516,5.073,2015,PHL
90,Somaliland region,0.46582,0.50318,0.43873,0.18847,0.39928,0.95152,5.057,2015,SOM
91,Morocco,0.41691,0.07172,0.60954,0.73479,0.08546,0.64095,5.013,2015,MAR
92,Macedonia,0.33457,0.22359,0.73545,0.91851,0.05327,1.00232,5.007,2015,MKD
93,Mozambique,0.34037,0.22269,0.09131,0.08308,0.15603,1.02626,4.971,2015,MOZ
94,Albania,0.35733,0.14272,0.81325,0.87867,0.06413,0.80434,4.959,2015,ALB
95,Bosnia and Herzegovina,0.09245,0.24808,0.79081,0.83223,0.00227,0.91916,4.949,2015,BIH
96,Lesotho,0.31767,0.16388,0.07612,0.37545,0.12504,1.04103,4.898,2015,LSO
97,Dominican Republic,0.57672,0.21684,0.66825,0.89537,0.14234,1.17202,4.885,2015,DOM
98,Laos,0.59591,0.42192,0.54909,0.59066,0.24249,0.73803,4.876,2015,LAO
99,Mongolia,0.43626,0.3323,0.60268,0.82819,0.02666,1.3006,4.874,2015,MNG
100,Swaziland,0.30658,0.18259,0.07566,0.71206,0.0306,1.07284,4.867,2015,SWZ
101,Greece,0.07699,0.200565,0.88213,1.15406,0.01397,0.92933,4.857,2015,GRC
102,Lebanon,0.33916,0.21854,0.83947,1.02564,0.04582,0.80001,4.839,2015,LBN
103,Hungary,0.32112,0.128,0.75905,1.12094,0.02758,1.20215,4.8,2015,HUN
104,Honduras,0.40148,0.23027,0.6951,0.59532,0.06825,0.95348,4.788,2015,HND
105,Tajikistan,0.47216,0.22974,0.57379,0.39047,0.15072,0.85563,4.786,2015,TJK
106,Tunisia,0.26268,0.06431,0.73793,0.88113,0.06358,0.60429,4.739,2015,TUN
107,Palestinian Territories,0.24499,0.11251,0.66015,0.59867,0.12905,0.92558,4.715,2015,PSE
108,Bangladesh,0.4082,0.21222,0.60164,0.39753,0.12569,0.43106,4.694,2015,BGD
109,Iran,0.30033,0.38086,0.69805,1.0088,0.05863,0.54447,4.686,2015,IRN
110,Ukraine,0.25123,0.15275,0.6739,0.79907,0.02961,1.20278,4.681,2015,UKR
111,Iraq,0.29164999999999996,0.17922,0.60237,0.98549,0.13788,0.81889,4.677,2015,IRQ
112,South Africa,0.33207,0.11973,0.27688,0.92049,0.08884,1.18468,4.642,2015,ZAF
113,Ghana,0.42342,0.23087,0.40132,0.54558,0.04355,0.67954,4.633,2015,GHA
114,Zimbabwe,0.25861,0.18987,0.33475,0.271,0.08079,1.03276,4.61,2015,ZWE
115,Liberia,0.28531,0.24362,0.34201,0.0712,0.06232,0.78968,4.571,2015,LBR
116,India,0.39786,0.26475,0.51529,0.64499,0.08492,0.38174,4.565,2015,IND
117,Sudan,0.10081,0.19062,0.36878,0.52107,0.1466,1.01404,4.55,2015,SDN
118,Haiti,0.24425,0.46187,0.38847,0.26673,0.17175,0.74302,4.518,2015,HTI
119,Congo (Kinshasa),0.22605,0.24834,0.09806,0.31335,0.07625,1.0012,4.517,2015,COD
120,Nepal,0.38282,0.32296,0.56874,0.35997,0.05907,0.86449,4.514,2015,NPL
121,Ethiopia,0.4345,0.24325,0.44055,0.19073,0.15048,0.60406,4.512,2015,ETH
122,Sierra Leone,0.4084,0.21488,0.39964500000000003,0.33024,0.08786,0.95571,4.507,2015,SLE
123,Mauritania,0.24232,0.219,0.35874,0.45407,0.17461,0.86908,4.436,2015,MRT
124,Kenya,0.42215,0.37542,0.41435,0.36471,0.05839,0.99876,4.419,2015,KEN
125,Djibouti,0.46074,0.18093,0.36291,0.44025,0.28105,0.59207,4.369,2015,DJI
126,Armenia,0.19847,0.07855,0.7299,0.76821,0.039,0.77711,4.35,2015,ARM
127,Botswana,0.49495,0.10461,0.04776,0.99355,0.12474,1.10464,4.332,2015,BWA
128,Myanmar,0.44017,0.79588,0.48246,0.27108,0.19034,0.70905,4.307,2015,MMR
129,Georgia,0.40577,0.05547,0.72926,0.7419,0.38331,0.38562,4.297,2015,GEO
130,Malawi,0.43054,0.33128,0.22562,0.01604,0.06977,0.41134,4.292,2015,MWI
131,Sri Lanka,0.53726,0.40828,0.70806,0.83524,0.09179,1.01905,4.271,2015,LKA
132,Cameroon,0.49309,0.20618,0.23402,0.4225,0.05786,0.88767,4.252,2015,CMR
133,Bulgaria,0.30587,0.11921,0.76649,1.01216,0.00872,1.10614,4.218,2015,BGR
134,Egypt,0.17288,0.11291,0.61712,0.8818,0.06324,0.747,4.194,2015,EGY
135,Yemen,0.35571,0.09131,0.40064,0.54649,0.07854,0.68093,4.077,2015,YEM
136,Angola,0.10384,0.12344,0.16683,0.75778,0.07122,0.8604,4.033,2015,AGO
137,Mali,0.38857,0.18798,0.20583,0.26074,0.12352,1.03526,3.995,2015,MLI
138,Congo (Brazzaville),0.41466,0.12388,0.31051,0.67866,0.11686,0.6629,3.989,2015,COG
139,Comoros,0.22917,0.17441,0.36315,0.23906,0.199,0.79273,3.956,2015,COM
140,Uganda,0.45727,0.29066,0.33861,0.21102,0.07267,1.13299,3.931,2015,UGA
141,Senegal,0.36772,0.20843,0.4354,0.36498,0.10713,0.97619,3.904,2015,SEN
142,Gabon,0.31914,0.06822,0.43372,1.06024,0.11091,0.90528,3.896,2015,GAB
143,Niger,0.47692,0.19387,0.29707,0.0694,0.15639,0.77265,3.845,2015,NER
144,Cambodia,0.66246,0.40359,0.61114,0.46038,0.07247,0.62736,3.819,2015,KHM
145,Tanzania,0.32878,0.34377,0.38215,0.2852,0.05747,1.00268,3.781,2015,TZA
146,Madagascar,0.19184,0.21333,0.46721,0.20824,0.08124,0.66801,3.681,2015,MDG
147,Central African Republic,0.48879,0.23835,0.06699,0.0785,0.08289,0.714315,3.678,2015,CAF
148,Chad,0.23501,0.18386,0.1501,0.34193,0.05269,0.76062,3.667,2015,TCD
149,Guinea,0.37725,0.28657,0.24009,0.17417,0.12139,0.46475,3.656,2015,GIN
150,Ivory Coast,0.46866,0.20165,0.15185,0.46534,0.17922,0.77115,3.655,2015,CIV
151,Burkina Faso,0.39493,0.21747,0.27125,0.25812,0.12832,0.85188,3.587,2015,BFA
152,Afghanistan,0.23414,0.3651,0.30335,0.31982,0.09719,0.30285,3.575,2015,AFG
153,Rwanda,0.59201,0.22628,0.42864,0.22208,0.55191,0.7737,3.465,2015,RWA
154,Benin,0.4845,0.1826,0.3191,0.28665,0.0801,0.35386,3.34,2015,BEN
155,Syria,0.15684,0.47179,0.72193,0.6632,0.18906,0.47489,3.006,2015,SYR
156,Burundi,0.1185,0.19727,0.22396,0.0153,0.10062,0.41587,2.905,2015,BDI
157,Togo,0.36453,0.16681,0.28443,0.20868,0.10731,0.13995,2.839,2015,TGO
