,Country name,Score,year,CODE
0,Finland,7.808700085,2020,FIN
1,Denmark,7.645599842,2020,DNK
2,Switzerland,7.559899807000001,2020,CHE
3,Iceland,7.504499912000001,2020,ISL
4,Norway,7.487999916000001,2020,NOR
5,Netherlands,7.448900223,2020,NLD
6,Sweden,7.353499889,2020,SWE
7,New Zealand,7.2996001239999995,2020,NZL
8,Austria,7.294199944,2020,AUT
9,Luxembourg,7.2375001910000005,2020,LUX
10,Canada,7.23210001,2020,CAN
11,Australia,7.222799778,2020,AUS
12,United Kingdom,7.164500237,2020,GBR
13,Israel,7.128600121,2020,ISR
14,Costa Rica,7.121399879,2020,CRI
15,Ireland,7.093699932000001,2020,IRL
16,Germany,7.075799942000001,2020,DEU
17,United States,6.939599991000001,2020,USA
18,Czech Republic,6.9109001160000005,2020,CZE
19,Belgium,6.863500117999999,2020,BEL
20,United Arab Emirates,6.790800095,2020,ARE
21,Malta,6.772799968999999,2020,MLT
22,France,6.663799762999999,2020,FRA
23,Mexico,6.465000152999999,2020,MEX
24,Taiwan Province of China,6.45539999,2020,TWN
25,Uruguay,6.440100192999999,2020,URY
26,Saudi Arabia,6.406499863,2020,SAU
27,Spain,6.4008998870000005,2020,ESP
28,Guatemala,6.398900032,2020,GTM
29,Italy,6.38740015,2020,ITA
30,Singapore,6.377099991000001,2020,SGP
31,Brazil,6.375599861,2020,BRA
32,Slovenia,6.363399982000001,2020,SVN
33,El Salvador,6.34829998,2020,SLV
34,Kosovo,6.325200081,2020,XKX
35,Panama,6.304800033999999,2020,PAN
36,Slovakia,6.280600071,2020,SVK
37,Uzbekistan,6.257599831,2020,UZB
38,Chile,6.228499889,2020,CHL
39,Bahrain,6.227300167,2020,BHR
40,Lithuania,6.215499877999999,2020,LTU
41,Trinidad and Tobago,6.1918997760000005,2020,TTO
42,Poland,6.1862998010000005,2020,POL
43,Colombia,6.163400172999999,2020,COL
44,Cyprus,6.15899992,2020,CYP
45,Nicaragua,6.13710022,2020,NIC
46,Romania,6.123700142000001,2020,ROU
47,Kuwait,6.102099895,2020,KWT
48,Mauritius,6.101299762999999,2020,MUS
49,Kazakhstan,6.0578999520000005,2020,KAZ
50,Estonia,6.0218000410000005,2020,EST
51,Philippines,6.006000042,2020,PHL
52,Hungary,6.000400066,2020,HUN
53,Thailand,5.9987998010000005,2020,THA
54,Argentina,5.974699974,2020,ARG
55,Honduras,5.953199862999999,2020,HND
56,Latvia,5.9499998089999995,2020,LVA
57,Ecuador,5.925199986,2020,ECU
58,Portugal,5.9109001160000005,2020,PRT
59,Jamaica,5.889800072000001,2020,JAM
60,South Korea,5.872399807000001,2020,KOR
61,Japan,5.870800018,2020,JPN
62,Peru,5.796800137000001,2020,PER
63,Serbia,5.77820015,2020,SRB
64,Bolivia,5.747499942999999,2020,BOL
65,Pakistan,5.69329977,2020,PAK
66,Paraguay,5.6921000479999995,2020,PRY
67,Dominican Republic,5.6891999239999995,2020,DOM
68,Bosnia and Herzegovina,5.674099922000001,2020,BIH
69,Moldova,5.607500076,2020,MDA
70,Tajikistan,5.555699825,2020,TJK
71,Montenegro,5.54610014,2020,MNE
72,Russia,5.546000004,2020,RUS
73,Kyrgyzstan,5.541500092000001,2020,KGZ
74,Belarus,5.539899826,2020,BLR
75,North Cyprus,5.53550005,2020,CYP
76,Greece,5.514999866,2020,GRC
77,Hong Kong S.A.R. of China,5.510399818,2020,HKG
78,Croatia,5.504700184,2020,HRV
79,Libya,5.488800049,2020,LBY
80,Mongolia,5.4562001229999995,2020,MNG
81,Malaysia,5.384300232,2020,MYS
82,Vietnam,5.353499889,2020,VNM
83,Indonesia,5.285600185,2020,IDN
84,Ivory Coast,5.233300208999999,2020,CIV
85,Benin,5.21600008,2020,BEN
86,Maldives,5.197599888,2020,MDV
87,Congo (Brazzaville),5.1943998339999995,2020,COG
88,Azerbaijan,5.164800167,2020,AZE
89,Macedonia,5.1598000530000006,2020,MKD
90,Ghana,5.1479997630000005,2020,GHA
91,Nepal,5.137199879,2020,NPL
92,Turkey,5.131800175,2020,TUR
93,China,5.123899937,2020,CHN
94,Turkmenistan,5.119100093999999,2020,TKM
95,Bulgaria,5.101500034,2020,BGR
96,Morocco,5.094799995,2020,MAR
97,Cameroon,5.084899902,2020,CMR
98,Venezuela,5.053199768,2020,VEN
99,Algeria,5.005099773,2020,DZA
100,Senegal,4.980800152,2020,SEN
101,Guinea,4.949299812,2020,GIN
102,Niger,4.909599781,2020,NER
103,Laos,4.888599873,2020,LAO
104,Albania,4.882699966000001,2020,ALB
105,Cambodia,4.8484001160000005,2020,KHM
106,Bangladesh,4.832799911,2020,BGD
107,Gabon,4.829299927,2020,GAB
108,South Africa,4.814099789,2020,ZAF
109,Iraq,4.7848000530000006,2020,IRQ
110,Lebanon,4.771500111,2020,LBN
111,Burkina Faso,4.768700123,2020,BFA
112,Gambia,4.750599861,2020,GMB
113,Mali,4.729300021999999,2020,MLI
114,Nigeria,4.724100113,2020,NGA
115,Armenia,4.676799774,2020,ARM
116,Georgia,4.672599792,2020,GEO
117,Iran,4.672399998,2020,IRN
118,Jordan,4.6333999630000005,2020,JOR
119,Mozambique,4.623600006,2020,MOZ
120,Kenya,4.583000183,2020,KEN
121,Namibia,4.571100235,2020,NAM
122,Ukraine,4.56069994,2020,UKR
123,Liberia,4.557899952,2020,LBR
124,Palestinian Territories,4.552800179,2020,PSE
125,Uganda,4.43200016,2020,UGA
126,Chad,4.422699928,2020,TCD
127,Tunisia,4.392199993,2020,TUN
128,Mauritania,4.374599934,2020,MRT
129,Sri Lanka,4.327000141,2020,LKA
130,Congo (Kinshasa),4.31099987,2020,COD
131,Swaziland,4.3081002239999995,2020,SWZ
132,Myanmar,4.308000088,2020,MMR
133,Comoros,4.288599968,2020,COM
134,Togo,4.187200069,2020,TGO
135,Ethiopia,4.186200142,2020,ETH
136,Madagascar,4.165599823,2020,MDG
137,Egypt,4.151400089,2020,EGY
138,Sierra Leone,3.926399946,2020,SLE
139,Burundi,3.775300026,2020,BDI
140,Zambia,3.759399891,2020,ZMB
141,Haiti,3.720799923,2020,HTI
142,Lesotho,3.6528000830000003,2020,LSO
143,India,3.573299885,2020,IND
144,Malawi,3.538000107,2020,MWI
145,Yemen,3.5274000169999997,2020,YEM
146,Botswana,3.4788999560000002,2020,BWA
147,Tanzania,3.4762001039999997,2020,TZA
148,Central African Republic,3.475899935,2020,CAF
149,Rwanda,3.312299967,2020,RWA
150,Zimbabwe,3.2992000580000003,2020,ZWE
151,South Sudan,2.8166000839999996,2020,SSD
152,Afghanistan,2.566900015,2020,AFG
0,Finland,7.769,2019,FIN
1,Denmark,7.6,2019,DNK
2,Norway,7.553999999999999,2019,NOR
3,Iceland,7.494,2019,ISL
4,Netherlands,7.4879999999999995,2019,NLD
5,Switzerland,7.48,2019,CHE
6,Sweden,7.343,2019,SWE
7,New Zealand,7.307,2019,NZL
8,Canada,7.278,2019,CAN
9,Austria,7.246,2019,AUT
10,Australia,7.228,2019,AUS
11,Costa Rica,7.167000000000001,2019,CRI
12,Israel,7.138999999999999,2019,ISR
13,Luxembourg,7.09,2019,LUX
14,United Kingdom,7.053999999999999,2019,GBR
15,Ireland,7.021,2019,IRL
16,Germany,6.985,2019,DEU
17,Belgium,6.922999999999999,2019,BEL
18,United States,6.892,2019,USA
19,Czech Republic,6.852,2019,CZE
20,United Arab Emirates,6.825,2019,ARE
21,Malta,6.726,2019,MLT
22,Mexico,6.595,2019,MEX
23,France,6.5920000000000005,2019,FRA
24,Taiwan,6.446000000000001,2019,TWN
25,Chile,6.444,2019,CHL
26,Guatemala,6.436,2019,GTM
27,Saudi Arabia,6.375,2019,SAU
28,Qatar,6.374,2019,QAT
29,Spain,6.354,2019,ESP
30,Panama,6.321000000000001,2019,PAN
31,Brazil,6.3,2019,BRA
32,Uruguay,6.292999999999999,2019,URY
33,Singapore,6.2620000000000005,2019,SGP
34,El Salvador,6.252999999999999,2019,SLV
35,Italy,6.223,2019,ITA
36,Bahrain,6.199,2019,BHR
37,Slovakia,6.1979999999999995,2019,SVK
38,Trinidad & Tobago,6.192,2019,TTO
39,Poland,6.182,2019,POL
40,Uzbekistan,6.1739999999999995,2019,UZB
41,Lithuania,6.149,2019,LTU
42,Colombia,6.125,2019,COL
43,Slovenia,6.117999999999999,2019,SVN
44,Nicaragua,6.105,2019,NIC
45,Kosovo,6.1,2019,XKX
46,Argentina,6.086,2019,ARG
47,Romania,6.07,2019,ROU
48,Cyprus,6.046,2019,CYP
49,Ecuador,6.028,2019,ECU
50,Kuwait,6.021,2019,KWT
51,Thailand,6.007999999999999,2019,THA
52,Latvia,5.94,2019,LVA
53,South Korea,5.895,2019,KOR
54,Estonia,5.893,2019,EST
55,Jamaica,5.89,2019,JAM
56,Mauritius,5.888,2019,MUS
57,Japan,5.886,2019,JPN
58,Honduras,5.86,2019,HND
59,Kazakhstan,5.809,2019,KAZ
60,Bolivia,5.779,2019,BOL
61,Hungary,5.757999999999999,2019,HUN
62,Paraguay,5.742999999999999,2019,PRY
63,Northern Cyprus,5.718,2019,CYP
64,Peru,5.697,2019,PER
65,Portugal,5.693,2019,PRT
66,Pakistan,5.653,2019,PAK
67,Russia,5.648,2019,RUS
68,Philippines,5.631,2019,PHL
69,Serbia,5.603,2019,SRB
70,Moldova,5.529,2019,MDA
71,Libya,5.525,2019,LBY
72,Montenegro,5.523,2019,MNE
73,Tajikistan,5.4670000000000005,2019,TJK
74,Croatia,5.432,2019,HRV
75,Hong Kong,5.43,2019,HKG
76,Dominican Republic,5.425,2019,DOM
77,Bosnia and Herzegovina,5.386,2019,BIH
78,Turkey,5.372999999999999,2019,TUR
79,Malaysia,5.3389999999999995,2019,MYS
80,Belarus,5.3229999999999995,2019,BLR
81,Greece,5.287000000000001,2019,GRC
82,Mongolia,5.285,2019,MNG
83,North Macedonia,5.274,2019,MKD
84,Nigeria,5.265,2019,NGA
85,Kyrgyzstan,5.261,2019,KGZ
86,Turkmenistan,5.247000000000001,2019,TKM
87,Algeria,5.211,2019,DZA
88,Morocco,5.207999999999999,2019,MAR
89,Azerbaijan,5.207999999999999,2019,AZE
90,Lebanon,5.197,2019,LBN
91,Indonesia,5.192,2019,IDN
92,China,5.191,2019,CHN
93,Vietnam,5.175,2019,VNM
94,Bhutan,5.082,2019,BTN
95,Cameroon,5.044,2019,CMR
96,Bulgaria,5.011,2019,BGR
97,Ghana,4.996,2019,GHA
98,Ivory Coast,4.944,2019,CIV
99,Nepal,4.913,2019,NPL
100,Jordan,4.906000000000001,2019,JOR
101,Benin,4.883,2019,BEN
102,Congo (Brazzaville),4.812,2019,COG
103,Gabon,4.7989999999999995,2019,GAB
104,Laos,4.796,2019,LAO
105,South Africa,4.7219999999999995,2019,ZAF
106,Albania,4.718999999999999,2019,ALB
107,Venezuela,4.707,2019,VEN
108,Cambodia,4.7,2019,KHM
109,Palestinian Territories,4.696000000000001,2019,PSE
110,Senegal,4.681,2019,SEN
111,Somalia,4.668,2019,SOM
112,Namibia,4.638999999999999,2019,NAM
113,Niger,4.628,2019,NER
114,Burkina Faso,4.587,2019,BFA
115,Armenia,4.559,2019,ARM
116,Iran,4.548,2019,IRN
117,Guinea,4.534,2019,GIN
118,Georgia,4.519,2019,GEO
119,Gambia,4.516,2019,GMB
120,Kenya,4.5089999999999995,2019,KEN
121,Mauritania,4.49,2019,MRT
122,Mozambique,4.466,2019,MOZ
123,Tunisia,4.461,2019,TUN
124,Bangladesh,4.456,2019,BGD
125,Iraq,4.437,2019,IRQ
126,Congo (Kinshasa),4.418,2019,COD
127,Mali,4.39,2019,MLI
128,Sierra Leone,4.374,2019,SLE
129,Sri Lanka,4.3660000000000005,2019,LKA
130,Myanmar,4.36,2019,MMR
131,Chad,4.35,2019,TCD
132,Ukraine,4.332,2019,UKR
133,Ethiopia,4.2860000000000005,2019,ETH
134,Swaziland,4.212,2019,SWZ
135,Uganda,4.189,2019,UGA
136,Egypt,4.166,2019,EGY
137,Zambia,4.107,2019,ZMB
138,Togo,4.085,2019,TGO
139,India,4.015,2019,IND
140,Liberia,3.975,2019,LBR
141,Comoros,3.9730000000000003,2019,COM
142,Madagascar,3.9330000000000003,2019,MDG
143,Lesotho,3.802,2019,LSO
144,Burundi,3.775,2019,BDI
145,Zimbabwe,3.6630000000000003,2019,ZWE
146,Haiti,3.597,2019,HTI
147,Botswana,3.488,2019,BWA
148,Syria,3.4619999999999997,2019,SYR
149,Malawi,3.41,2019,MWI
150,Yemen,3.38,2019,YEM
151,Rwanda,3.3339999999999996,2019,RWA
152,Tanzania,3.2310000000000003,2019,TZA
153,Afghanistan,3.2030000000000003,2019,AFG
154,Central African Republic,3.083,2019,CAF
155,South Sudan,2.853,2019,SSD
0,Finland,7.632000000000001,2018,FIN
1,Norway,7.593999999999999,2018,NOR
2,Denmark,7.555,2018,DNK
3,Iceland,7.495,2018,ISL
4,Switzerland,7.487,2018,CHE
5,Netherlands,7.441,2018,NLD
6,Canada,7.327999999999999,2018,CAN
7,New Zealand,7.324,2018,NZL
8,Sweden,7.314,2018,SWE
9,Australia,7.272,2018,AUS
10,United Kingdom,7.19,2018,GBR
11,Austria,7.138999999999999,2018,AUT
12,Costa Rica,7.072,2018,CRI
13,Ireland,6.977,2018,IRL
14,Germany,6.965,2018,DEU
15,Belgium,6.9270000000000005,2018,BEL
16,Luxembourg,6.91,2018,LUX
17,United States,6.886,2018,USA
18,Israel,6.814,2018,ISR
19,United Arab Emirates,6.774,2018,ARE
20,Czech Republic,6.711,2018,CZE
21,Malta,6.627000000000001,2018,MLT
22,France,6.489,2018,FRA
23,Mexico,6.4879999999999995,2018,MEX
24,Chile,6.476,2018,CHL
25,Taiwan,6.441,2018,TWN
26,Panama,6.43,2018,PAN
27,Brazil,6.419,2018,BRA
28,Argentina,6.388,2018,ARG
29,Guatemala,6.382000000000001,2018,GTM
30,Uruguay,6.379,2018,URY
31,Qatar,6.374,2018,QAT
32,Saudi Arabia,6.371,2018,SAU
33,Singapore,6.343,2018,SGP
34,Malaysia,6.322,2018,MYS
35,Spain,6.31,2018,ESP
36,Colombia,6.26,2018,COL
37,Trinidad & Tobago,6.192,2018,TTO
38,Slovakia,6.172999999999999,2018,SVK
39,El Salvador,6.167000000000001,2018,SLV
40,Nicaragua,6.141,2018,NIC
41,Poland,6.122999999999999,2018,POL
42,Bahrain,6.105,2018,BHR
43,Uzbekistan,6.096,2018,UZB
44,Kuwait,6.082999999999999,2018,KWT
45,Thailand,6.072,2018,THA
46,Italy,6.0,2018,ITA
47,Ecuador,5.973,2018,ECU
48,Belize,5.956,2018,BLZ
49,Lithuania,5.952000000000001,2018,LTU
50,Slovenia,5.9479999999999995,2018,SVN
51,Romania,5.945,2018,ROU
52,Latvia,5.933,2018,LVA
53,Japan,5.915,2018,JPN
54,Mauritius,5.891,2018,MUS
55,Jamaica,5.89,2018,JAM
56,South Korea,5.875,2018,KOR
57,Northern Cyprus,5.835,2018,CYP
58,Russia,5.81,2018,RUS
59,Kazakhstan,5.79,2018,KAZ
60,Cyprus,5.7620000000000005,2018,CYP
61,Bolivia,5.752000000000001,2018,BOL
62,Estonia,5.739,2018,EST
63,Paraguay,5.681,2018,PRY
64,Peru,5.662999999999999,2018,PER
65,Kosovo,5.662000000000001,2018,XKX
66,Moldova,5.64,2018,MDA
67,Turkmenistan,5.636,2018,TKM
68,Hungary,5.62,2018,HUN
69,Libya,5.566,2018,LBY
70,Philippines,5.524,2018,PHL
71,Honduras,5.504,2018,HND
72,Belarus,5.483,2018,BLR
73,Turkey,5.483,2018,TUR
74,Pakistan,5.472,2018,PAK
75,Hong Kong,5.43,2018,HKG
76,Portugal,5.41,2018,PRT
77,Serbia,5.398,2018,SRB
78,Greece,5.358,2018,GRC
79,Lebanon,5.358,2018,LBN
80,Montenegro,5.347,2018,MNE
81,Croatia,5.321000000000001,2018,HRV
82,Dominican Republic,5.3020000000000005,2018,DOM
83,Algeria,5.295,2018,DZA
84,Morocco,5.254,2018,MAR
85,China,5.246,2018,CHN
86,Azerbaijan,5.2010000000000005,2018,AZE
87,Tajikistan,5.199,2018,TJK
88,Macedonia,5.185,2018,MKD
89,Jordan,5.1610000000000005,2018,JOR
90,Nigeria,5.155,2018,NGA
91,Kyrgyzstan,5.131,2018,KGZ
92,Bosnia and Herzegovina,5.129,2018,BIH
93,Mongolia,5.125,2018,MNG
94,Vietnam,5.103,2018,VNM
95,Indonesia,5.093,2018,IDN
96,Bhutan,5.082,2018,BTN
97,Somalia,4.982,2018,SOM
98,Cameroon,4.975,2018,CMR
99,Bulgaria,4.933,2018,BGR
100,Nepal,4.88,2018,NPL
101,Venezuela,4.806,2018,VEN
102,Gabon,4.758,2018,GAB
103,Palestinian Territories,4.743,2018,PSE
104,South Africa,4.724,2018,ZAF
105,Iran,4.707,2018,IRN
106,Ivory Coast,4.671,2018,CIV
107,Ghana,4.657,2018,GHA
108,Senegal,4.631,2018,SEN
109,Laos,4.623,2018,LAO
110,Tunisia,4.592,2018,TUN
111,Albania,4.586,2018,ALB
112,Sierra Leone,4.571000000000001,2018,SLE
113,Congo (Brazzaville),4.559,2018,COG
114,Bangladesh,4.5,2018,BGD
115,Sri Lanka,4.471,2018,LKA
116,Iraq,4.456,2018,IRQ
117,Mali,4.447,2018,MLI
118,Namibia,4.441,2018,NAM
119,Cambodia,4.433,2018,KHM
120,Burkina Faso,4.4239999999999995,2018,BFA
121,Egypt,4.419,2018,EGY
122,Mozambique,4.417,2018,MOZ
123,Kenya,4.41,2018,KEN
124,Zambia,4.377,2018,ZMB
125,Mauritania,4.356,2018,MRT
126,Ethiopia,4.35,2018,ETH
127,Georgia,4.34,2018,GEO
128,Armenia,4.321000000000001,2018,ARM
129,Myanmar,4.308,2018,MMR
130,Chad,4.301,2018,TCD
131,Congo (Kinshasa),4.245,2018,COD
132,India,4.19,2018,IND
133,Niger,4.166,2018,NER
134,Uganda,4.1610000000000005,2018,UGA
135,Benin,4.141,2018,BEN
136,Sudan,4.138999999999999,2018,SDN
137,Ukraine,4.103,2018,UKR
138,Togo,3.9989999999999997,2018,TGO
139,Guinea,3.964,2018,GIN
140,Lesotho,3.8080000000000003,2018,LSO
141,Angola,3.795,2018,AGO
142,Madagascar,3.7739999999999996,2018,MDG
143,Zimbabwe,3.6919999999999997,2018,ZWE
144,Afghanistan,3.6319999999999997,2018,AFG
145,Botswana,3.59,2018,BWA
146,Malawi,3.5869999999999997,2018,MWI
147,Haiti,3.582,2018,HTI
148,Liberia,3.495,2018,LBR
149,Syria,3.4619999999999997,2018,SYR
150,Rwanda,3.408,2018,RWA
151,Yemen,3.355,2018,YEM
152,Tanzania,3.303,2018,TZA
153,South Sudan,3.2539999999999996,2018,SSD
154,Central African Republic,3.083,2018,CAF
155,Burundi,2.905,2018,BDI
0,Norway,7.537000179290769,2017,NOR
1,Denmark,7.52199983596802,2017,DNK
2,Iceland,7.50400018692017,2017,ISL
3,Switzerland,7.49399995803833,2017,CHE
4,Finland,7.468999862670901,2017,FIN
5,Netherlands,7.3769998550415,2017,NLD
6,Canada,7.31599998474121,2017,CAN
7,New Zealand,7.31400012969971,2017,NZL
8,Sweden,7.28399991989136,2017,SWE
9,Australia,7.28399991989136,2017,AUS
10,Israel,7.212999820709231,2017,ISR
11,Costa Rica,7.0789999961853,2017,CRI
12,Austria,7.00600004196167,2017,AUT
13,United States,6.993000030517581,2017,USA
14,Ireland,6.9770002365112305,2017,IRL
15,Germany,6.9510002136230495,2017,DEU
16,Belgium,6.89099979400635,2017,BEL
17,Luxembourg,6.86299991607666,2017,LUX
18,United Kingdom,6.71400022506714,2017,GBR
19,Chile,6.65199995040894,2017,CHL
20,United Arab Emirates,6.6479997634887695,2017,ARE
21,Brazil,6.6350002288818395,2017,BRA
22,Czech Republic,6.60900020599365,2017,CZE
23,Argentina,6.59899997711182,2017,ARG
24,Mexico,6.57800006866455,2017,MEX
25,Singapore,6.57200002670288,2017,SGP
26,Malta,6.52699995040894,2017,MLT
27,Uruguay,6.4539999961853,2017,URY
28,Guatemala,6.4539999961853,2017,GTM
29,Panama,6.4520001411438,2017,PAN
30,France,6.44199991226196,2017,FRA
31,Thailand,6.4239997863769505,2017,THA
32,Taiwan Province of China,6.42199993133545,2017,TWN
33,Spain,6.40299987792969,2017,ESP
34,Qatar,6.375,2017,QAT
35,Colombia,6.35699987411499,2017,COL
36,Saudi Arabia,6.343999862670901,2017,SAU
37,Trinidad and Tobago,6.1680002212524405,2017,TTO
38,Kuwait,6.10500001907349,2017,KWT
39,Slovakia,6.09800004959106,2017,SVK
40,Bahrain,6.08699989318848,2017,BHR
41,Malaysia,6.08400011062622,2017,MYS
42,Nicaragua,6.07100009918213,2017,NIC
43,Ecuador,6.00799989700317,2017,ECU
44,El Salvador,6.002999782562259,2017,SLV
45,Poland,5.97300004959106,2017,POL
46,Uzbekistan,5.97100019454956,2017,UZB
47,Italy,5.96400022506714,2017,ITA
48,Russia,5.962999820709231,2017,RUS
49,Belize,5.955999851226809,2017,BLZ
50,Japan,5.92000007629395,2017,JPN
51,Lithuania,5.90199995040894,2017,LTU
52,Algeria,5.872000217437741,2017,DZA
53,Latvia,5.849999904632571,2017,LVA
54,South Korea,5.837999820709231,2017,KOR
55,Moldova,5.837999820709231,2017,MDA
56,Romania,5.824999809265139,2017,ROU
57,Bolivia,5.82299995422363,2017,BOL
58,Turkmenistan,5.82200002670288,2017,TKM
59,Kazakhstan,5.8189997673034695,2017,KAZ
60,North Cyprus,5.80999994277954,2017,CYP
61,Slovenia,5.75799989700317,2017,SVN
62,Peru,5.71500015258789,2017,PER
63,Mauritius,5.62900018692017,2017,MUS
64,Cyprus,5.62099981307983,2017,CYP
65,Estonia,5.61100006103516,2017,EST
66,Belarus,5.5689997673034695,2017,BLR
67,Libya,5.525000095367429,2017,LBY
68,Turkey,5.5,2017,TUR
69,Paraguay,5.493000030517581,2017,PRY
70,"Hong Kong S.A.R., China",5.47200012207031,2017,HKG
71,Philippines,5.42999982833862,2017,PHL
72,Serbia,5.39499998092651,2017,SRB
73,Jordan,5.33599996566772,2017,JOR
74,Hungary,5.32399988174438,2017,HUN
75,Jamaica,5.31099987030029,2017,JAM
76,Croatia,5.2930002212524405,2017,HRV
77,Kosovo,5.27899980545044,2017,XKX
78,China,5.2729997634887695,2017,CHN
79,Pakistan,5.26900005340576,2017,PAK
80,Indonesia,5.26200008392334,2017,IDN
81,Venezuela,5.25,2017,VEN
82,Montenegro,5.23699998855591,2017,MNE
83,Morocco,5.2350001335144,2017,MAR
84,Azerbaijan,5.234000205993651,2017,AZE
85,Dominican Republic,5.230000019073491,2017,DOM
86,Greece,5.2270002365112305,2017,GRC
87,Lebanon,5.22499990463257,2017,LBN
88,Portugal,5.19500017166138,2017,PRT
89,Bosnia and Herzegovina,5.18200016021729,2017,BIH
90,Honduras,5.1810002326965305,2017,HND
91,Macedonia,5.175000190734861,2017,MKD
92,Somalia,5.151000022888179,2017,SOM
93,Vietnam,5.07399988174438,2017,VNM
94,Nigeria,5.07399988174438,2017,NGA
95,Tajikistan,5.04099988937378,2017,TJK
96,Bhutan,5.01100015640259,2017,BTN
97,Kyrgyzstan,5.0040001869201705,2017,KGZ
98,Nepal,4.961999893188481,2017,NPL
99,Mongolia,4.95499992370605,2017,MNG
100,South Africa,4.8289999961853,2017,ZAF
101,Tunisia,4.80499982833862,2017,TUN
102,Palestinian Territories,4.77500009536743,2017,PSE
103,Egypt,4.7350001335144,2017,EGY
104,Bulgaria,4.71400022506714,2017,BGR
105,Sierra Leone,4.70900011062622,2017,SLE
106,Cameroon,4.69500017166138,2017,CMR
107,Iran,4.69199991226196,2017,IRN
108,Albania,4.64400005340576,2017,ALB
109,Bangladesh,4.60799980163574,2017,BGD
110,Namibia,4.57399988174438,2017,NAM
111,Kenya,4.55299997329712,2017,KEN
112,Mozambique,4.550000190734861,2017,MOZ
113,Myanmar,4.54500007629395,2017,MMR
114,Senegal,4.53499984741211,2017,SEN
115,Zambia,4.513999938964839,2017,ZMB
116,Iraq,4.49700021743774,2017,IRQ
117,Gabon,4.46500015258789,2017,GAB
118,Ethiopia,4.46000003814697,2017,ETH
119,Sri Lanka,4.44000005722046,2017,LKA
120,Armenia,4.37599992752075,2017,ARM
121,India,4.31500005722046,2017,IND
122,Mauritania,4.29199981689453,2017,MRT
123,Congo (Brazzaville),4.29099988937378,2017,COG
124,Georgia,4.28599977493286,2017,GEO
125,Congo (Kinshasa),4.2800002098083505,2017,COD
126,Mali,4.19000005722046,2017,MLI
127,Ivory Coast,4.17999982833862,2017,CIV
128,Cambodia,4.1680002212524405,2017,KHM
129,Sudan,4.138999938964839,2017,SDN
130,Ghana,4.11999988555908,2017,GHA
131,Ukraine,4.09600019454956,2017,UKR
132,Uganda,4.08099985122681,2017,UGA
133,Burkina Faso,4.03200006484985,2017,BFA
134,Niger,4.02799987792969,2017,NER
135,Malawi,3.97000002861023,2017,MWI
136,Chad,3.9360001087188703,2017,TCD
137,Zimbabwe,3.875,2017,ZWE
138,Lesotho,3.80800008773804,2017,LSO
139,Angola,3.79500007629395,2017,AGO
140,Afghanistan,3.7939999103546103,2017,AFG
141,Botswana,3.7660000324249303,2017,BWA
142,Benin,3.65700006484985,2017,BEN
143,Madagascar,3.64400005340576,2017,MDG
144,Haiti,3.6029999256133998,2017,HTI
145,Yemen,3.59299993515015,2017,YEM
146,South Sudan,3.5910000801086404,2017,SSD
147,Liberia,3.5329999923706095,2017,LBR
148,Guinea,3.50699996948242,2017,GIN
149,Togo,3.4949998855590803,2017,TGO
150,Rwanda,3.47099995613098,2017,RWA
151,Syria,3.46199989318848,2017,SYR
152,Tanzania,3.34899997711182,2017,TZA
153,Burundi,2.90499997138977,2017,BDI
154,Central African Republic,2.69300007820129,2017,CAF
0,Denmark,7.526,2016,DNK
1,Switzerland,7.5089999999999995,2016,CHE
2,Iceland,7.501,2016,ISL
3,Norway,7.497999999999999,2016,NOR
4,Finland,7.412999999999999,2016,FIN
5,Canada,7.404,2016,CAN
6,Netherlands,7.3389999999999995,2016,NLD
7,New Zealand,7.334,2016,NZL
8,Australia,7.313,2016,AUS
9,Sweden,7.291,2016,SWE
10,Israel,7.267,2016,ISR
11,Austria,7.119,2016,AUT
12,United States,7.104,2016,USA
13,Costa Rica,7.087000000000001,2016,CRI
14,Puerto Rico,7.039,2016,PRI
15,Germany,6.994,2016,DEU
16,Brazil,6.952000000000001,2016,BRA
17,Belgium,6.928999999999999,2016,BEL
18,Ireland,6.907,2016,IRL
19,Luxembourg,6.871,2016,LUX
20,Mexico,6.778,2016,MEX
21,Singapore,6.739,2016,SGP
22,United Kingdom,6.725,2016,GBR
23,Chile,6.705,2016,CHL
24,Panama,6.7010000000000005,2016,PAN
25,Argentina,6.65,2016,ARG
26,Czech Republic,6.596,2016,CZE
27,United Arab Emirates,6.5729999999999995,2016,ARE
28,Uruguay,6.545,2016,URY
29,Malta,6.4879999999999995,2016,MLT
30,Colombia,6.481,2016,COL
31,France,6.478,2016,FRA
32,Thailand,6.474,2016,THA
33,Saudi Arabia,6.379,2016,SAU
34,Taiwan,6.379,2016,TWN
35,Qatar,6.375,2016,QAT
36,Spain,6.361000000000001,2016,ESP
37,Algeria,6.355,2016,DZA
38,Guatemala,6.324,2016,GTM
39,Suriname,6.269,2016,SUR
40,Kuwait,6.239,2016,KWT
41,Bahrain,6.218,2016,BHR
42,Trinidad and Tobago,6.167999999999999,2016,TTO
43,Venezuela,6.084,2016,VEN
44,Slovakia,6.077999999999999,2016,SVK
45,El Salvador,6.068,2016,SLV
46,Malaysia,6.005,2016,MYS
47,Nicaragua,5.992000000000001,2016,NIC
48,Uzbekistan,5.987,2016,UZB
49,Italy,5.977,2016,ITA
50,Ecuador,5.976,2016,ECU
51,Belize,5.956,2016,BLZ
52,Japan,5.921,2016,JPN
53,Kazakhstan,5.919,2016,KAZ
54,Moldova,5.897,2016,MDA
55,Russia,5.856,2016,RUS
56,Poland,5.835,2016,POL
57,South Korea,5.835,2016,KOR
58,Bolivia,5.822,2016,BOL
59,Lithuania,5.813,2016,LTU
60,Belarus,5.8020000000000005,2016,BLR
61,North Cyprus,5.771,2016,CYP
62,Slovenia,5.768,2016,SVN
63,Peru,5.742999999999999,2016,PER
64,Turkmenistan,5.6579999999999995,2016,TKM
65,Mauritius,5.648,2016,MUS
66,Libya,5.615,2016,LBY
67,Latvia,5.56,2016,LVA
68,Cyprus,5.546,2016,CYP
69,Paraguay,5.537999999999999,2016,PRY
70,Romania,5.528,2016,ROU
71,Estonia,5.517,2016,EST
72,Jamaica,5.51,2016,JAM
73,Croatia,5.4879999999999995,2016,HRV
74,Hong Kong,5.457999999999999,2016,HKG
75,Somalia,5.44,2016,SOM
76,Kosovo,5.401,2016,XKX
77,Turkey,5.388999999999999,2016,TUR
78,Indonesia,5.314,2016,IDN
79,Jordan,5.303,2016,JOR
80,Azerbaijan,5.291,2016,AZE
81,Philippines,5.279,2016,PHL
82,China,5.245,2016,CHN
83,Bhutan,5.196000000000001,2016,BTN
84,Kyrgyzstan,5.185,2016,KGZ
85,Serbia,5.1770000000000005,2016,SRB
86,Bosnia and Herzegovina,5.162999999999999,2016,BIH
87,Montenegro,5.1610000000000005,2016,MNE
88,Dominican Republic,5.155,2016,DOM
89,Morocco,5.151,2016,MAR
90,Hungary,5.145,2016,HUN
91,Pakistan,5.132000000000001,2016,PAK
92,Lebanon,5.129,2016,LBN
93,Portugal,5.122999999999999,2016,PRT
94,Macedonia,5.121,2016,MKD
95,Vietnam,5.061,2016,VNM
96,Somaliland Region,5.0569999999999995,2016,SOM
97,Tunisia,5.045,2016,TUN
98,Greece,5.033,2016,GRC
99,Tajikistan,4.996,2016,TJK
100,Mongolia,4.907,2016,MNG
101,Laos,4.876,2016,LAO
102,Nigeria,4.875,2016,NGA
103,Honduras,4.871,2016,HND
104,Iran,4.813,2016,IRN
105,Zambia,4.795,2016,ZMB
106,Nepal,4.793,2016,NPL
107,Palestinian Territories,4.754,2016,PSE
108,Albania,4.655,2016,ALB
109,Bangladesh,4.643,2016,BGD
110,Sierra Leone,4.635,2016,SLE
111,Iraq,4.575,2016,IRQ
112,Namibia,4.574,2016,NAM
113,Cameroon,4.513,2016,CMR
114,Ethiopia,4.508,2016,ETH
115,South Africa,4.459,2016,ZAF
116,Sri Lanka,4.415,2016,LKA
117,India,4.404,2016,IND
118,Myanmar,4.395,2016,MMR
119,Egypt,4.362,2016,EGY
120,Armenia,4.36,2016,ARM
121,Kenya,4.356,2016,KEN
122,Ukraine,4.324,2016,UKR
123,Ghana,4.276,2016,GHA
124,Congo (Kinshasa),4.272,2016,COD
125,Georgia,4.252,2016,GEO
126,Congo (Brazzaville),4.236000000000001,2016,COG
127,Senegal,4.218999999999999,2016,SEN
128,Bulgaria,4.217,2016,BGR
129,Mauritania,4.2010000000000005,2016,MRT
130,Zimbabwe,4.1930000000000005,2016,ZWE
131,Malawi,4.156000000000001,2016,MWI
132,Sudan,4.138999999999999,2016,SDN
133,Gabon,4.121,2016,GAB
134,Mali,4.073,2016,MLI
135,Haiti,4.0280000000000005,2016,HTI
136,Botswana,3.9739999999999998,2016,BWA
137,Comoros,3.9560000000000004,2016,COM
138,Ivory Coast,3.9160000000000004,2016,CIV
139,Cambodia,3.907,2016,KHM
140,Angola,3.866,2016,AGO
141,Niger,3.8560000000000003,2016,NER
142,South Sudan,3.832,2016,SSD
143,Chad,3.763,2016,TCD
144,Burkina Faso,3.739,2016,BFA
145,Uganda,3.739,2016,UGA
146,Yemen,3.7239999999999998,2016,YEM
147,Madagascar,3.695,2016,MDG
148,Tanzania,3.6660000000000004,2016,TZA
149,Liberia,3.622,2016,LBR
150,Guinea,3.6069999999999998,2016,GIN
151,Rwanda,3.515,2016,RWA
152,Benin,3.484,2016,BEN
153,Afghanistan,3.36,2016,AFG
154,Togo,3.303,2016,TGO
155,Syria,3.069,2016,SYR
156,Burundi,2.905,2016,BDI
0,Switzerland,7.587000000000001,2015,CHE
1,Iceland,7.561,2015,ISL
2,Denmark,7.527,2015,DNK
3,Norway,7.522,2015,NOR
4,Canada,7.4270000000000005,2015,CAN
5,Finland,7.406000000000001,2015,FIN
6,Netherlands,7.377999999999999,2015,NLD
7,Sweden,7.364,2015,SWE
8,New Zealand,7.2860000000000005,2015,NZL
9,Australia,7.284,2015,AUS
10,Israel,7.278,2015,ISR
11,Costa Rica,7.226,2015,CRI
12,Austria,7.2,2015,AUT
13,Mexico,7.187,2015,MEX
14,United States,7.119,2015,USA
15,Brazil,6.983,2015,BRA
16,Luxembourg,6.946000000000001,2015,LUX
17,Ireland,6.94,2015,IRL
18,Belgium,6.937,2015,BEL
19,United Arab Emirates,6.901,2015,ARE
20,United Kingdom,6.867000000000001,2015,GBR
21,Oman,6.853,2015,OMN
22,Venezuela,6.81,2015,VEN
23,Singapore,6.797999999999999,2015,SGP
24,Panama,6.7860000000000005,2015,PAN
25,Germany,6.75,2015,DEU
26,Chile,6.67,2015,CHL
27,Qatar,6.611000000000001,2015,QAT
28,France,6.575,2015,FRA
29,Argentina,6.574,2015,ARG
30,Czech Republic,6.505,2015,CZE
31,Uruguay,6.485,2015,URY
32,Colombia,6.477,2015,COL
33,Thailand,6.455,2015,THA
34,Saudi Arabia,6.4110000000000005,2015,SAU
35,Spain,6.329,2015,ESP
36,Malta,6.3020000000000005,2015,MLT
37,Taiwan,6.297999999999999,2015,TWN
38,Kuwait,6.295,2015,KWT
39,Suriname,6.269,2015,SUR
40,Trinidad and Tobago,6.167999999999999,2015,TTO
41,El Salvador,6.13,2015,SLV
42,Guatemala,6.122999999999999,2015,GTM
43,Uzbekistan,6.002999999999999,2015,UZB
44,Slovakia,5.995,2015,SVK
45,Japan,5.987,2015,JPN
46,South Korea,5.984,2015,KOR
47,Ecuador,5.975,2015,ECU
48,Bahrain,5.96,2015,BHR
49,Italy,5.9479999999999995,2015,ITA
50,Bolivia,5.89,2015,BOL
51,Moldova,5.888999999999999,2015,MDA
52,Paraguay,5.877999999999999,2015,PRY
53,Kazakhstan,5.855,2015,KAZ
54,Slovenia,5.848,2015,SVN
55,Lithuania,5.832999999999999,2015,LTU
56,Nicaragua,5.827999999999999,2015,NIC
57,Peru,5.824,2015,PER
58,Belarus,5.813,2015,BLR
59,Poland,5.791,2015,POL
60,Malaysia,5.77,2015,MYS
61,Croatia,5.7589999999999995,2015,HRV
62,Libya,5.754,2015,LBY
63,Russia,5.716,2015,RUS
64,Jamaica,5.709,2015,JAM
65,North Cyprus,5.695,2015,CYP
66,Cyprus,5.689,2015,CYP
67,Algeria,5.605,2015,DZA
68,Kosovo,5.5889999999999995,2015,XKX
69,Turkmenistan,5.547999999999999,2015,TKM
70,Mauritius,5.477,2015,MUS
71,Hong Kong,5.474,2015,HKG
72,Estonia,5.428999999999999,2015,EST
73,Indonesia,5.399,2015,IDN
74,Vietnam,5.36,2015,VNM
75,Turkey,5.332000000000001,2015,TUR
76,Kyrgyzstan,5.2860000000000005,2015,KGZ
77,Nigeria,5.268,2015,NGA
78,Bhutan,5.252999999999999,2015,BTN
79,Azerbaijan,5.212000000000001,2015,AZE
80,Pakistan,5.194,2015,PAK
81,Jordan,5.192,2015,JOR
82,Montenegro,5.192,2015,MNE
83,China,5.14,2015,CHN
84,Zambia,5.129,2015,ZMB
85,Romania,5.124,2015,ROU
86,Serbia,5.122999999999999,2015,SRB
87,Portugal,5.102,2015,PRT
88,Latvia,5.098,2015,LVA
89,Philippines,5.073,2015,PHL
90,Somaliland region,5.0569999999999995,2015,SOM
91,Morocco,5.013,2015,MAR
92,Macedonia,5.007,2015,MKD
93,Mozambique,4.971,2015,MOZ
94,Albania,4.959,2015,ALB
95,Bosnia and Herzegovina,4.949,2015,BIH
96,Lesotho,4.898,2015,LSO
97,Dominican Republic,4.885,2015,DOM
98,Laos,4.876,2015,LAO
99,Mongolia,4.874,2015,MNG
100,Swaziland,4.867,2015,SWZ
101,Greece,4.857,2015,GRC
102,Lebanon,4.8389999999999995,2015,LBN
103,Hungary,4.8,2015,HUN
104,Honduras,4.788,2015,HND
105,Tajikistan,4.7860000000000005,2015,TJK
106,Tunisia,4.739,2015,TUN
107,Palestinian Territories,4.715,2015,PSE
108,Bangladesh,4.694,2015,BGD
109,Iran,4.686,2015,IRN
110,Ukraine,4.681,2015,UKR
111,Iraq,4.677,2015,IRQ
112,South Africa,4.6419999999999995,2015,ZAF
113,Ghana,4.633,2015,GHA
114,Zimbabwe,4.61,2015,ZWE
115,Liberia,4.571000000000001,2015,LBR
116,India,4.565,2015,IND
117,Sudan,4.55,2015,SDN
118,Haiti,4.518,2015,HTI
119,Congo (Kinshasa),4.5169999999999995,2015,COD
120,Nepal,4.513999999999999,2015,NPL
121,Ethiopia,4.512,2015,ETH
122,Sierra Leone,4.507,2015,SLE
123,Mauritania,4.436,2015,MRT
124,Kenya,4.419,2015,KEN
125,Djibouti,4.369,2015,DJI
126,Armenia,4.35,2015,ARM
127,Botswana,4.332,2015,BWA
128,Myanmar,4.3069999999999995,2015,MMR
129,Georgia,4.297,2015,GEO
130,Malawi,4.292,2015,MWI
131,Sri Lanka,4.271,2015,LKA
132,Cameroon,4.252,2015,CMR
133,Bulgaria,4.218,2015,BGR
134,Egypt,4.194,2015,EGY
135,Yemen,4.077,2015,YEM
136,Angola,4.033,2015,AGO
137,Mali,3.995,2015,MLI
138,Congo (Brazzaville),3.989,2015,COG
139,Comoros,3.9560000000000004,2015,COM
140,Uganda,3.931,2015,UGA
141,Senegal,3.904,2015,SEN
142,Gabon,3.8960000000000004,2015,GAB
143,Niger,3.845,2015,NER
144,Cambodia,3.819,2015,KHM
145,Tanzania,3.781,2015,TZA
146,Madagascar,3.681,2015,MDG
147,Central African Republic,3.678,2015,CAF
148,Chad,3.667,2015,TCD
149,Guinea,3.656,2015,GIN
150,Ivory Coast,3.655,2015,CIV
151,Burkina Faso,3.5869999999999997,2015,BFA
152,Afghanistan,3.575,2015,AFG
153,Rwanda,3.465,2015,RWA
154,Benin,3.34,2015,BEN
155,Syria,3.0060000000000002,2015,SYR
156,Burundi,2.905,2015,BDI
157,Togo,2.839,2015,TGO
